BioSample_ID,SRA_accession,assembly_ID,collection_year,ISO_country_code,host,host_age,host_sex,isolate,isolation_source,isolation_source_category,isolation_latitude,isolation_longitude,genus,organism,AMR_associated_publications,Updated_phenotype_CLSI,Updated_phenotype_EUCAST,used_ECOFF,database,antibiotic_name,ast_standard,laboratory_typing_method,measurement,measurement_sign,measurement_units,platform,resistance_phenotype,species,antibiotic_ontology,antibiotic_ontology_link,country,geographical_region,geographical_subregion
SAMEA1032653,ERS044045,GCA_001087085.2,2001.0,USA,Homo sapiens,,,40241,nasopharynx,respiratory tract,42.4072107,-71.3824374,Streptococcus,Streptococcus pneumoniae,23644493;30465642,susceptible,susceptible,no,PATRIC;microreact,tetracycline,,broth dilution,0.25,=,mg/L,,,Streptococcus pneumoniae,ARO_0000051,https://www.ebi.ac.uk/ols4/ontologies/aro/classes/http%253A%252F%252Fpurl.obolibrary.org%252Fobo%252FARO_0000051,United States of America,Americas,Northern America
SAMEA1020022,ERS036307,GCA_001087445.1,,ESP,Homo sapiens,,,SN11927,,,,,Streptococcus,Streptococcus pneumoniae,24957517,susceptible,susceptible,no,PATRIC;microreact,tetracycline,,broth dilution,1.0,=,mg/L,,,Streptococcus pneumoniae,ARO_0000051,https://www.ebi.ac.uk/ols4/ontologies/aro/classes/http%253A%252F%252Fpurl.obolibrary.org%252Fobo%252FARO_0000051,Spain,Europe,Southern Europe
SAMEA1032497,ERS043849,GCA_001119465.2,2004.0,USA,Homo sapiens,,,R34-3028,nasopharynx,respiratory tract,42.4072107,-71.3824374,Streptococcus,Streptococcus pneumoniae,23644493;30465642,susceptible,susceptible,no,PATRIC;microreact,tetracycline,,broth dilution,0.5,<=,mg/L,,,Streptococcus pneumoniae,ARO_0000051,https://www.ebi.ac.uk/ols4/ontologies/aro/classes/http%253A%252F%252Fpurl.obolibrary.org%252Fobo%252FARO_0000051,United States of America,Americas,Northern America
SAMEA1032524,ERS044121,GCA_001120545.2,2001.0,USA,Homo sapiens,,,304793,nasopharynx,respiratory tract,42.4072107,-71.3824374,Streptococcus,Streptococcus pneumoniae,23644493;30465642,susceptible,susceptible,no,PATRIC;microreact,tetracycline,,broth dilution,0.25,=,mg/L,,,Streptococcus pneumoniae,ARO_0000051,https://www.ebi.ac.uk/ols4/ontologies/aro/classes/http%253A%252F%252Fpurl.obolibrary.org%252Fobo%252FARO_0000051,United States of America,Americas,Northern America
SAMEA1020173,ERS069369,GCA_001124445.1,1999.0,DEU,Homo sapiens,,,SPN13633,Pneumonia,respiratory tract,,,Streptococcus,Streptococcus pneumoniae,24957517,resistant,resistant,no,PATRIC;microreact,tetracycline,,broth dilution,16.0,=,mg/L,,,Streptococcus pneumoniae,ARO_0000051,https://www.ebi.ac.uk/ols4/ontologies/aro/classes/http%253A%252F%252Fpurl.obolibrary.org%252Fobo%252FARO_0000051,Germany,Europe,Western Europe
SAMEA1032598,ERS043944,GCA_001127145.2,2004.0,USA,Homo sapiens,,,R34-3136,nasopharynx,respiratory tract,42.4072107,-71.3824374,Streptococcus,Streptococcus pneumoniae,23644493;30465642,resistant,resistant,no,PATRIC;microreact,tetracycline,,broth dilution,4.0,>,mg/L,,,Streptococcus pneumoniae,ARO_0000051,https://www.ebi.ac.uk/ols4/ontologies/aro/classes/http%253A%252F%252Fpurl.obolibrary.org%252Fobo%252FARO_0000051,United States of America,Americas,Northern America
SAMEA1032690,ERS044152,GCA_001129845.2,2001.0,USA,Homo sapiens,,,427937,nasopharynx,respiratory tract,42.4072107,-71.3824374,Streptococcus,Streptococcus pneumoniae,23644493;30465642,susceptible,susceptible,no,PATRIC;microreact,tetracycline,,broth dilution,0.12,=,mg/L,,,Streptococcus pneumoniae,ARO_0000051,https://www.ebi.ac.uk/ols4/ontologies/aro/classes/http%253A%252F%252Fpurl.obolibrary.org%252Fobo%252FARO_0000051,United States of America,Americas,Northern America
SAMEA1032578,ERS044097,GCA_001142545.2,2001.0,USA,Homo sapiens,,,208866,nasopharynx,respiratory tract,42.4072107,-71.3824374,Streptococcus,Streptococcus pneumoniae,23644493;30465642,resistant,resistant,no,PATRIC;microreact,tetracycline,,broth dilution,8.0,>,mg/L,,,Streptococcus pneumoniae,ARO_0000051,https://www.ebi.ac.uk/ols4/ontologies/aro/classes/http%253A%252F%252Fpurl.obolibrary.org%252Fobo%252FARO_0000051,United States of America,Americas,Northern America
SAMEA1032585,ERS044161,GCA_001149705.2,2001.0,USA,Homo sapiens,,,459747,nasopharynx,respiratory tract,42.4072107,-71.3824374,Streptococcus,Streptococcus pneumoniae,23644493;30465642,susceptible,susceptible,no,PATRIC;microreact,tetracycline,,broth dilution,0.25,=,mg/L,,,Streptococcus pneumoniae,ARO_0000051,https://www.ebi.ac.uk/ols4/ontologies/aro/classes/http%253A%252F%252Fpurl.obolibrary.org%252Fobo%252FARO_0000051,United States of America,Americas,Northern America
SAMEA1020353,ERS069019,GCA_001168465.2,2009.0,DEU,Homo sapiens,,,SN41911,Sepsis,blood,,,Streptococcus,Streptococcus pneumoniae,,susceptible,susceptible,no,PATRIC,tetracycline,,broth dilution,0.25,=,mg/L,,,Streptococcus pneumoniae,ARO_0000051,https://www.ebi.ac.uk/ols4/ontologies/aro/classes/http%253A%252F%252Fpurl.obolibrary.org%252Fobo%252FARO_0000051,Germany,Europe,Western Europe
SAMEA1032556,ERS043949,GCA_001172305.2,2004.0,USA,Homo sapiens,,,R34-3141,nasopharynx,respiratory tract,42.4072107,-71.3824374,Streptococcus,Streptococcus pneumoniae,23644493;30465642,resistant,resistant,no,PATRIC;microreact,tetracycline,,broth dilution,4.0,>,mg/L,,,Streptococcus pneumoniae,ARO_0000051,https://www.ebi.ac.uk/ols4/ontologies/aro/classes/http%253A%252F%252Fpurl.obolibrary.org%252Fobo%252FARO_0000051,United States of America,Americas,Northern America
SAMEA1020256,ERS069013,GCA_001329175.1,2005.0,,Homo sapiens,,,SN23212,,,,,Streptococcus,Streptococcus pneumoniae,,resistant,resistant,no,PATRIC,tetracycline,,broth dilution,16.0,=,mg/L,,,Streptococcus pneumoniae,ARO_0000051,https://www.ebi.ac.uk/ols4/ontologies/aro/classes/http%253A%252F%252Fpurl.obolibrary.org%252Fobo%252FARO_0000051,,,
SAMEA677531,ERS002798,GCA_035462815.1,1990.0,GBR,Homo sapiens,,,STO_20,Ear,eye and ear,,,Streptococcus,Streptococcus pneumoniae,,resistant,resistant,no,PATRIC,tetracycline,,broth dilution,16.0,>,mg/L,,,Streptococcus pneumoniae,ARO_0000051,https://www.ebi.ac.uk/ols4/ontologies/aro/classes/http%253A%252F%252Fpurl.obolibrary.org%252Fobo%252FARO_0000051,United Kingdom of Great Britain and Northern Ireland,Europe,Northern Europe
SAMEA677573,ERS002788,GCA_035463195.1,2003.0,GBR,Homo sapiens,80.0,,H034960030,Blood,blood,,,Streptococcus,Streptococcus pneumoniae,,resistant,resistant,no,PATRIC,tetracycline,,broth dilution,8.0,>,mg/L,,,Streptococcus pneumoniae,ARO_0000051,https://www.ebi.ac.uk/ols4/ontologies/aro/classes/http%253A%252F%252Fpurl.obolibrary.org%252Fobo%252FARO_0000051,United Kingdom of Great Britain and Northern Ireland,Europe,Northern Europe
SAMEA677474,ERS005191,GCA_035464395.1,2001.0,ZAF,Homo sapiens,49.0,,SA6,Blood & CSF,,,,Streptococcus,Streptococcus pneumoniae,,resistant,resistant,no,PATRIC,tetracycline,,broth dilution,8.0,=,mg/L,,,Streptococcus pneumoniae,ARO_0000051,https://www.ebi.ac.uk/ols4/ontologies/aro/classes/http%253A%252F%252Fpurl.obolibrary.org%252Fobo%252FARO_0000051,South Africa,Africa,Sub-Saharan Africa
SAMN33606250,SRS16970846,GCA_035856635.1,2021.0,AUS,Homo sapiens,,,AUSMDU00060046,,,,,Streptococcus,Streptococcus pneumoniae,37823632.0,resistant,resistant,no,PATRIC,tetracycline,CLSI,broth dilution,8.0,>,mg/L,Sensititre,resistant,Streptococcus pneumoniae,ARO_0000051,https://www.ebi.ac.uk/ols4/ontologies/aro/classes/http%253A%252F%252Fpurl.obolibrary.org%252Fobo%252FARO_0000051,Australia,Oceania,Australia and New Zealand
SAMN33606063,SRS16970847,GCA_035856695.1,2021.0,AUS,Homo sapiens,,,AUSMDU00062395,,,,,Streptococcus,Streptococcus pneumoniae,37823632.0,resistant,resistant,no,PATRIC,tetracycline,CLSI,broth dilution,8.0,>,mg/L,Sensititre,resistant,Streptococcus pneumoniae,ARO_0000051,https://www.ebi.ac.uk/ols4/ontologies/aro/classes/http%253A%252F%252Fpurl.obolibrary.org%252Fobo%252FARO_0000051,Australia,Oceania,Australia and New Zealand
SAMN33606488,SRS16970892,GCA_035857465.1,2019.0,AUS,Homo sapiens,,,AUSMDU00038005,,,,,Streptococcus,Streptococcus pneumoniae,37823632,susceptible,,,PATRIC,tetracycline,CLSI,broth dilution,1.0,<=,mg/L,Sensititre,susceptible,Streptococcus pneumoniae,ARO_0000051,https://www.ebi.ac.uk/ols4/ontologies/aro/classes/http%253A%252F%252Fpurl.obolibrary.org%252Fobo%252FARO_0000051,Australia,Oceania,Australia and New Zealand
SAMN33606209,SRS16971059,GCA_035861205.1,1922.0,AUS,Homo sapiens,,,AUSMDU00074813,,,,,Streptococcus,Streptococcus pneumoniae,37823632.0,susceptible,,,PATRIC,tetracycline,CLSI,broth dilution,1.0,<=,mg/L,Sensititre,susceptible,Streptococcus pneumoniae,ARO_0000051,https://www.ebi.ac.uk/ols4/ontologies/aro/classes/http%253A%252F%252Fpurl.obolibrary.org%252Fobo%252FARO_0000051,Australia,Oceania,Australia and New Zealand
SAMN33606070,SRS16971092,GCA_035861785.1,2021.0,AUS,Homo sapiens,,,AUSMDU00064240,,,,,Streptococcus,Streptococcus pneumoniae,37823632.0,susceptible,,,PATRIC,tetracycline,CLSI,broth dilution,1.0,<=,mg/L,Sensititre,susceptible,Streptococcus pneumoniae,ARO_0000051,https://www.ebi.ac.uk/ols4/ontologies/aro/classes/http%253A%252F%252Fpurl.obolibrary.org%252Fobo%252FARO_0000051,Australia,Oceania,Australia and New Zealand
SAMN33606328,SRS16971099,GCA_035861945.1,2021.0,AUS,Homo sapiens,,,AUSMDU00062364,,,,,Streptococcus,Streptococcus pneumoniae,37823632.0,susceptible,,,PATRIC,tetracycline,CLSI,broth dilution,1.0,<=,mg/L,Sensititre,susceptible,Streptococcus pneumoniae,ARO_0000051,https://www.ebi.ac.uk/ols4/ontologies/aro/classes/http%253A%252F%252Fpurl.obolibrary.org%252Fobo%252FARO_0000051,Australia,Oceania,Australia and New Zealand
SAMN33606445,SRS16971130,GCA_035862525.1,2019.0,AUS,Homo sapiens,,,AUSMDU00029602,,,,,Streptococcus,Streptococcus pneumoniae,37823632,susceptible,,,PATRIC,tetracycline,CLSI,broth dilution,1.0,<=,mg/L,Sensititre,susceptible,Streptococcus pneumoniae,ARO_0000051,https://www.ebi.ac.uk/ols4/ontologies/aro/classes/http%253A%252F%252Fpurl.obolibrary.org%252Fobo%252FARO_0000051,Australia,Oceania,Australia and New Zealand
SAMN33606127,SRS16970684,GCA_035863585.1,2022.0,AUS,Homo sapiens,,,AUSMDU00073364,,,,,Streptococcus,Streptococcus pneumoniae,37823632.0,resistant,resistant,no,PATRIC,tetracycline,CLSI,broth dilution,8.0,>,mg/L,Sensititre,resistant,Streptococcus pneumoniae,ARO_0000051,https://www.ebi.ac.uk/ols4/ontologies/aro/classes/http%253A%252F%252Fpurl.obolibrary.org%252Fobo%252FARO_0000051,Australia,Oceania,Australia and New Zealand
SAMN33606137,SRS16970695,GCA_035863865.1,2022.0,AUS,Homo sapiens,,,AUSMDU00073497,,,,,Streptococcus,Streptococcus pneumoniae,37823632.0,susceptible,,,PATRIC,tetracycline,CLSI,broth dilution,1.0,<=,mg/L,Sensititre,susceptible,Streptococcus pneumoniae,ARO_0000051,https://www.ebi.ac.uk/ols4/ontologies/aro/classes/http%253A%252F%252Fpurl.obolibrary.org%252Fobo%252FARO_0000051,Australia,Oceania,Australia and New Zealand
SAMN33606136,SRS16970694,GCA_035863885.1,2022.0,AUS,Homo sapiens,,,AUSMDU00073474,,,,,Streptococcus,Streptococcus pneumoniae,37823632.0,susceptible,,,PATRIC,tetracycline,CLSI,broth dilution,1.0,<=,mg/L,Sensititre,susceptible,Streptococcus pneumoniae,ARO_0000051,https://www.ebi.ac.uk/ols4/ontologies/aro/classes/http%253A%252F%252Fpurl.obolibrary.org%252Fobo%252FARO_0000051,Australia,Oceania,Australia and New Zealand
SAMN33606062,SRS16970716,GCA_035864305.1,2021.0,AUS,Homo sapiens,,,AUSMDU00061728,,,,,Streptococcus,Streptococcus pneumoniae,37823632.0,susceptible,,,PATRIC,tetracycline,CLSI,broth dilution,1.0,<=,mg/L,Sensititre,susceptible,Streptococcus pneumoniae,ARO_0000051,https://www.ebi.ac.uk/ols4/ontologies/aro/classes/http%253A%252F%252Fpurl.obolibrary.org%252Fobo%252FARO_0000051,Australia,Oceania,Australia and New Zealand
SAMN33606349,SRS16970742,GCA_035864845.1,2021.0,AUS,Homo sapiens,,,AUSMDU00061240,,,,,Streptococcus,Streptococcus pneumoniae,37823632.0,susceptible,,,PATRIC,tetracycline,CLSI,broth dilution,1.0,<=,mg/L,Sensititre,susceptible,Streptococcus pneumoniae,ARO_0000051,https://www.ebi.ac.uk/ols4/ontologies/aro/classes/http%253A%252F%252Fpurl.obolibrary.org%252Fobo%252FARO_0000051,Australia,Oceania,Australia and New Zealand
SAMN33606353,SRS16970749,GCA_035864965.1,2021.0,AUS,Homo sapiens,,,AUSMDU00057180,,,,,Streptococcus,Streptococcus pneumoniae,37823632,susceptible,,,PATRIC,tetracycline,CLSI,broth dilution,1.0,<=,mg/L,Sensititre,susceptible,Streptococcus pneumoniae,ARO_0000051,https://www.ebi.ac.uk/ols4/ontologies/aro/classes/http%253A%252F%252Fpurl.obolibrary.org%252Fobo%252FARO_0000051,Australia,Oceania,Australia and New Zealand
SAMN33606929,SRS16969731,GCA_035866785.1,2021.0,AUS,Homo sapiens,,,AUSMDU00066847,,,,,Streptococcus,Streptococcus pneumoniae,37823632.0,susceptible,,,PATRIC,tetracycline,CLSI,broth dilution,1.0,<=,mg/L,Sensititre,susceptible,Streptococcus pneumoniae,ARO_0000051,https://www.ebi.ac.uk/ols4/ontologies/aro/classes/http%253A%252F%252Fpurl.obolibrary.org%252Fobo%252FARO_0000051,Australia,Oceania,Australia and New Zealand
SAMN33607030,SRS16969746,GCA_035867105.1,2019.0,AUS,Homo sapiens,,,AUSMDU00032819,,,,,Streptococcus,Streptococcus pneumoniae,37823632,susceptible,,,PATRIC,tetracycline,CLSI,broth dilution,1.0,<=,mg/L,Sensititre,susceptible,Streptococcus pneumoniae,ARO_0000051,https://www.ebi.ac.uk/ols4/ontologies/aro/classes/http%253A%252F%252Fpurl.obolibrary.org%252Fobo%252FARO_0000051,Australia,Oceania,Australia and New Zealand
SAMN33606592,SRS16969762,GCA_035867405.1,2018.0,AUS,Homo sapiens,,,AUSMDU00020330,,,,,Streptococcus,Streptococcus pneumoniae,37823632.0,susceptible,,,PATRIC,tetracycline,CLSI,broth dilution,1.0,<=,mg/L,Sensititre,susceptible,Streptococcus pneumoniae,ARO_0000051,https://www.ebi.ac.uk/ols4/ontologies/aro/classes/http%253A%252F%252Fpurl.obolibrary.org%252Fobo%252FARO_0000051,Australia,Oceania,Australia and New Zealand
SAMN33606834,SRS16969784,GCA_035868375.1,2019.0,AUS,Homo sapiens,,,AUSMDU00028551,,,,,Streptococcus,Streptococcus pneumoniae,37823632,resistant,resistant,no,PATRIC,tetracycline,CLSI,broth dilution,8.0,>,mg/L,Sensititre,resistant,Streptococcus pneumoniae,ARO_0000051,https://www.ebi.ac.uk/ols4/ontologies/aro/classes/http%253A%252F%252Fpurl.obolibrary.org%252Fobo%252FARO_0000051,Australia,Oceania,Australia and New Zealand
SAMN33606939,SRS16969806,GCA_035868795.1,2019.0,AUS,Homo sapiens,,,AUSMDU00030953,,,,,Streptococcus,Streptococcus pneumoniae,37823632,susceptible,,,PATRIC,tetracycline,CLSI,broth dilution,1.0,<=,mg/L,Sensititre,susceptible,Streptococcus pneumoniae,ARO_0000051,https://www.ebi.ac.uk/ols4/ontologies/aro/classes/http%253A%252F%252Fpurl.obolibrary.org%252Fobo%252FARO_0000051,Australia,Oceania,Australia and New Zealand
SAMN33606594,SRS16969826,GCA_035869255.1,2019.0,AUS,Homo sapiens,,,AUSMDU00036303,,,,,Streptococcus,Streptococcus pneumoniae,37823632,susceptible,,,PATRIC,tetracycline,CLSI,broth dilution,1.0,<=,mg/L,Sensititre,susceptible,Streptococcus pneumoniae,ARO_0000051,https://www.ebi.ac.uk/ols4/ontologies/aro/classes/http%253A%252F%252Fpurl.obolibrary.org%252Fobo%252FARO_0000051,Australia,Oceania,Australia and New Zealand
SAMN33606597,SRS16969832,GCA_035869335.1,2019.0,AUS,Homo sapiens,,,AUSMDU00036360,,,,,Streptococcus,Streptococcus pneumoniae,37823632,susceptible,,,PATRIC,tetracycline,CLSI,broth dilution,1.0,<=,mg/L,Sensititre,susceptible,Streptococcus pneumoniae,ARO_0000051,https://www.ebi.ac.uk/ols4/ontologies/aro/classes/http%253A%252F%252Fpurl.obolibrary.org%252Fobo%252FARO_0000051,Australia,Oceania,Australia and New Zealand
SAMN33606666,SRS16969383,GCA_035870335.1,2019.0,AUS,Homo sapiens,,,AUSMDU00034728,,,,,Streptococcus,Streptococcus pneumoniae,37823632,susceptible,,,PATRIC,tetracycline,CLSI,broth dilution,1.0,<=,mg/L,Sensititre,susceptible,Streptococcus pneumoniae,ARO_0000051,https://www.ebi.ac.uk/ols4/ontologies/aro/classes/http%253A%252F%252Fpurl.obolibrary.org%252Fobo%252FARO_0000051,Australia,Oceania,Australia and New Zealand
SAMN33606682,SRS16969398,GCA_035870815.1,2019.0,AUS,Homo sapiens,,,AUSMDU00037390,,,,,Streptococcus,Streptococcus pneumoniae,37823632,susceptible,,,PATRIC,tetracycline,CLSI,broth dilution,1.0,<=,mg/L,Sensititre,susceptible,Streptococcus pneumoniae,ARO_0000051,https://www.ebi.ac.uk/ols4/ontologies/aro/classes/http%253A%252F%252Fpurl.obolibrary.org%252Fobo%252FARO_0000051,Australia,Oceania,Australia and New Zealand
SAMN33606686,SRS16969402,GCA_035870875.1,2018.0,AUS,Homo sapiens,,,AUSMDU00037297,,,,,Streptococcus,Streptococcus pneumoniae,37823632,susceptible,,,PATRIC,tetracycline,CLSI,broth dilution,1.0,<=,mg/L,Sensititre,susceptible,Streptococcus pneumoniae,ARO_0000051,https://www.ebi.ac.uk/ols4/ontologies/aro/classes/http%253A%252F%252Fpurl.obolibrary.org%252Fobo%252FARO_0000051,Australia,Oceania,Australia and New Zealand
SAMN33606558,SRS16969486,GCA_035873095.1,2020.0,AUS,Homo sapiens,,,AUSMDU00040433,,,,,Streptococcus,Streptococcus pneumoniae,37823632,susceptible,,,PATRIC,tetracycline,CLSI,broth dilution,1.0,<=,mg/L,Sensititre,susceptible,Streptococcus pneumoniae,ARO_0000051,https://www.ebi.ac.uk/ols4/ontologies/aro/classes/http%253A%252F%252Fpurl.obolibrary.org%252Fobo%252FARO_0000051,Australia,Oceania,Australia and New Zealand
SAMN33606759,SRS16969519,GCA_035873635.1,2020.0,AUS,Homo sapiens,,,AUSMDU00054403,,,,,Streptococcus,Streptococcus pneumoniae,37823632,susceptible,,,PATRIC,tetracycline,CLSI,broth dilution,1.0,<=,mg/L,Sensititre,susceptible,Streptococcus pneumoniae,ARO_0000051,https://www.ebi.ac.uk/ols4/ontologies/aro/classes/http%253A%252F%252Fpurl.obolibrary.org%252Fobo%252FARO_0000051,Australia,Oceania,Australia and New Zealand
SAMN33606871,SRS16969551,GCA_035874235.1,2020.0,AUS,Homo sapiens,,,AUSMDU00040335,,,,,Streptococcus,Streptococcus pneumoniae,37823632,resistant,resistant,no,PATRIC,tetracycline,CLSI,broth dilution,8.0,>,mg/L,Sensititre,resistant,Streptococcus pneumoniae,ARO_0000051,https://www.ebi.ac.uk/ols4/ontologies/aro/classes/http%253A%252F%252Fpurl.obolibrary.org%252Fobo%252FARO_0000051,Australia,Oceania,Australia and New Zealand
SAMN33606544,SRS16969650,GCA_035877275.1,2019.0,AUS,Homo sapiens,,,AUSMDU00027523,,,,,Streptococcus,Streptococcus pneumoniae,37823632,susceptible,,,PATRIC,tetracycline,CLSI,broth dilution,1.0,<=,mg/L,Sensititre,susceptible,Streptococcus pneumoniae,ARO_0000051,https://www.ebi.ac.uk/ols4/ontologies/aro/classes/http%253A%252F%252Fpurl.obolibrary.org%252Fobo%252FARO_0000051,Australia,Oceania,Australia and New Zealand
SAMN33606748,SRS16969657,GCA_035877415.1,2019.0,AUS,Homo sapiens,,,AUSMDU00040113,,,,,Streptococcus,Streptococcus pneumoniae,37823632,susceptible,,,PATRIC,tetracycline,CLSI,broth dilution,1.0,<=,mg/L,Sensititre,susceptible,Streptococcus pneumoniae,ARO_0000051,https://www.ebi.ac.uk/ols4/ontologies/aro/classes/http%253A%252F%252Fpurl.obolibrary.org%252Fobo%252FARO_0000051,Australia,Oceania,Australia and New Zealand
SAMN33606776,SRS16969678,GCA_035877835.1,2018.0,AUS,Homo sapiens,,,AUSMDU00036739,,,,,Streptococcus,Streptococcus pneumoniae,37823632,susceptible,,,PATRIC,tetracycline,CLSI,broth dilution,1.0,<=,mg/L,Sensititre,susceptible,Streptococcus pneumoniae,ARO_0000051,https://www.ebi.ac.uk/ols4/ontologies/aro/classes/http%253A%252F%252Fpurl.obolibrary.org%252Fobo%252FARO_0000051,Australia,Oceania,Australia and New Zealand
SAMN33606803,SRS16969685,GCA_035877995.1,2020.0,AUS,Homo sapiens,,,AUSMDU00040963,,,,,Streptococcus,Streptococcus pneumoniae,37823632,resistant,resistant,no,PATRIC,tetracycline,CLSI,broth dilution,8.0,=,mg/L,Sensititre,resistant,Streptococcus pneumoniae,ARO_0000051,https://www.ebi.ac.uk/ols4/ontologies/aro/classes/http%253A%252F%252Fpurl.obolibrary.org%252Fobo%252FARO_0000051,Australia,Oceania,Australia and New Zealand
SAMN33606808,SRS16969691,GCA_035878095.1,2018.0,AUS,Homo sapiens,,,AUSMDU00036751,,,,,Streptococcus,Streptococcus pneumoniae,37823632,resistant,resistant,no,PATRIC,tetracycline,CLSI,broth dilution,8.0,>,mg/L,Sensititre,resistant,Streptococcus pneumoniae,ARO_0000051,https://www.ebi.ac.uk/ols4/ontologies/aro/classes/http%253A%252F%252Fpurl.obolibrary.org%252Fobo%252FARO_0000051,Australia,Oceania,Australia and New Zealand
SAMN33607486,SRS16969252,GCA_035879395.1,2022.0,AUS,Homo sapiens,,,AUSMDU00072937,,,,,Streptococcus,Streptococcus pneumoniae,37823632.0,susceptible,,,PATRIC,tetracycline,CLSI,broth dilution,1.0,<=,mg/L,Sensititre,susceptible,Streptococcus pneumoniae,ARO_0000051,https://www.ebi.ac.uk/ols4/ontologies/aro/classes/http%253A%252F%252Fpurl.obolibrary.org%252Fobo%252FARO_0000051,Australia,Oceania,Australia and New Zealand
SAMN33607327,SRS16969277,GCA_035880435.1,2020.0,AUS,Homo sapiens,,,AUSMDU00042451,,,,,Streptococcus,Streptococcus pneumoniae,37823632,susceptible,,,PATRIC,tetracycline,CLSI,broth dilution,1.0,<=,mg/L,Sensititre,susceptible,Streptococcus pneumoniae,ARO_0000051,https://www.ebi.ac.uk/ols4/ontologies/aro/classes/http%253A%252F%252Fpurl.obolibrary.org%252Fobo%252FARO_0000051,Australia,Oceania,Australia and New Zealand
SAMN33607307,SRS16969279,GCA_035880515.1,2019.0,AUS,Homo sapiens,,,AUSMDU00036675,,,,,Streptococcus,Streptococcus pneumoniae,37823632,susceptible,,,PATRIC,tetracycline,CLSI,broth dilution,1.0,<=,mg/L,Sensititre,susceptible,Streptococcus pneumoniae,ARO_0000051,https://www.ebi.ac.uk/ols4/ontologies/aro/classes/http%253A%252F%252Fpurl.obolibrary.org%252Fobo%252FARO_0000051,Australia,Oceania,Australia and New Zealand
SAMN33607337,SRS16969287,GCA_035881235.1,2019.0,AUS,Homo sapiens,,,AUSMDU00038191,,,,,Streptococcus,Streptococcus pneumoniae,37823632,susceptible,,,PATRIC,tetracycline,CLSI,broth dilution,1.0,<=,mg/L,Sensititre,susceptible,Streptococcus pneumoniae,ARO_0000051,https://www.ebi.ac.uk/ols4/ontologies/aro/classes/http%253A%252F%252Fpurl.obolibrary.org%252Fobo%252FARO_0000051,Australia,Oceania,Australia and New Zealand
SAMN33607440,SRS16969307,GCA_035881615.1,2022.0,AUS,Homo sapiens,,,AUSMDU00072086,,,,,Streptococcus,Streptococcus pneumoniae,37823632.0,susceptible,,,PATRIC,tetracycline,CLSI,broth dilution,1.0,<=,mg/L,Sensititre,susceptible,Streptococcus pneumoniae,ARO_0000051,https://www.ebi.ac.uk/ols4/ontologies/aro/classes/http%253A%252F%252Fpurl.obolibrary.org%252Fobo%252FARO_0000051,Australia,Oceania,Australia and New Zealand
SAMN33607149,SRS16968894,GCA_035918755.1,2019.0,AUS,Homo sapiens,,,AUSMDU00036270,,,,,Streptococcus,Streptococcus pneumoniae,37823632,susceptible,,,PATRIC,tetracycline,CLSI,broth dilution,1.0,<=,mg/L,Sensititre,susceptible,Streptococcus pneumoniae,ARO_0000051,https://www.ebi.ac.uk/ols4/ontologies/aro/classes/http%253A%252F%252Fpurl.obolibrary.org%252Fobo%252FARO_0000051,Australia,Oceania,Australia and New Zealand
SAMN33607241,SRS16968929,GCA_035919505.1,2018.0,AUS,Homo sapiens,,,AUSMDU00037451,,,,,Streptococcus,Streptococcus pneumoniae,37823632,susceptible,,,PATRIC,tetracycline,CLSI,broth dilution,1.0,<=,mg/L,Sensititre,susceptible,Streptococcus pneumoniae,ARO_0000051,https://www.ebi.ac.uk/ols4/ontologies/aro/classes/http%253A%252F%252Fpurl.obolibrary.org%252Fobo%252FARO_0000051,Australia,Oceania,Australia and New Zealand
SAMN33607363,SRS16968969,GCA_035929085.1,2022.0,AUS,Homo sapiens,,,AUSMDU00068287,,,,,Streptococcus,Streptococcus pneumoniae,37823632.0,intermediate,resistant,no,PATRIC,tetracycline,CLSI,broth dilution,2.0,=,mg/L,Sensititre,intermediate,Streptococcus pneumoniae,ARO_0000051,https://www.ebi.ac.uk/ols4/ontologies/aro/classes/http%253A%252F%252Fpurl.obolibrary.org%252Fobo%252FARO_0000051,Australia,Oceania,Australia and New Zealand
SAMN33607125,SRS16969020,GCA_035930165.1,2019.0,AUS,Homo sapiens,,,AUSMDU00030738,,,,,Streptococcus,Streptococcus pneumoniae,37823632,susceptible,,,PATRIC,tetracycline,CLSI,broth dilution,1.0,<=,mg/L,Sensititre,susceptible,Streptococcus pneumoniae,ARO_0000051,https://www.ebi.ac.uk/ols4/ontologies/aro/classes/http%253A%252F%252Fpurl.obolibrary.org%252Fobo%252FARO_0000051,Australia,Oceania,Australia and New Zealand
SAMN33607131,SRS16969026,GCA_035930405.1,2019.0,AUS,Homo sapiens,,,AUSMDU00038683,,,,,Streptococcus,Streptococcus pneumoniae,37823632,susceptible,,,PATRIC,tetracycline,CLSI,broth dilution,1.0,<=,mg/L,Sensititre,susceptible,Streptococcus pneumoniae,ARO_0000051,https://www.ebi.ac.uk/ols4/ontologies/aro/classes/http%253A%252F%252Fpurl.obolibrary.org%252Fobo%252FARO_0000051,Australia,Oceania,Australia and New Zealand
SAMN33607134,SRS16969029,GCA_035930525.1,2019.0,AUS,Homo sapiens,,,AUSMDU00031958,,,,,Streptococcus,Streptococcus pneumoniae,37823632,susceptible,,,PATRIC,tetracycline,CLSI,broth dilution,1.0,<=,mg/L,Sensititre,susceptible,Streptococcus pneumoniae,ARO_0000051,https://www.ebi.ac.uk/ols4/ontologies/aro/classes/http%253A%252F%252Fpurl.obolibrary.org%252Fobo%252FARO_0000051,Australia,Oceania,Australia and New Zealand
SAMN33607189,SRS16969058,GCA_035931085.1,2019.0,AUS,Homo sapiens,,,AUSMDU00024425,,,,,Streptococcus,Streptococcus pneumoniae,37823632,susceptible,,,PATRIC,tetracycline,CLSI,broth dilution,1.0,<=,mg/L,Sensititre,susceptible,Streptococcus pneumoniae,ARO_0000051,https://www.ebi.ac.uk/ols4/ontologies/aro/classes/http%253A%252F%252Fpurl.obolibrary.org%252Fobo%252FARO_0000051,Australia,Oceania,Australia and New Zealand
SAMN33607220,SRS16969158,GCA_035933335.1,2019.0,AUS,Homo sapiens,,,AUSMDU00039075,,,,,Streptococcus,Streptococcus pneumoniae,37823632,resistant,resistant,no,PATRIC,tetracycline,CLSI,broth dilution,8.0,>,mg/L,Sensititre,resistant,Streptococcus pneumoniae,ARO_0000051,https://www.ebi.ac.uk/ols4/ontologies/aro/classes/http%253A%252F%252Fpurl.obolibrary.org%252Fobo%252FARO_0000051,Australia,Oceania,Australia and New Zealand
SAMN33607296,SRS16969183,GCA_035934095.1,2018.0,AUS,Homo sapiens,,,AUSMDU00022024,,,,,Streptococcus,Streptococcus pneumoniae,37823632,susceptible,,,PATRIC,tetracycline,CLSI,broth dilution,1.0,<=,mg/L,Sensititre,susceptible,Streptococcus pneumoniae,ARO_0000051,https://www.ebi.ac.uk/ols4/ontologies/aro/classes/http%253A%252F%252Fpurl.obolibrary.org%252Fobo%252FARO_0000051,Australia,Oceania,Australia and New Zealand
SAMN33607067,SRS16969197,GCA_035934585.1,2019.0,AUS,Homo sapiens,,,AUSMDU00028094,,,,,Streptococcus,Streptococcus pneumoniae,37823632,susceptible,,,PATRIC,tetracycline,CLSI,broth dilution,1.0,<=,mg/L,Sensititre,susceptible,Streptococcus pneumoniae,ARO_0000051,https://www.ebi.ac.uk/ols4/ontologies/aro/classes/http%253A%252F%252Fpurl.obolibrary.org%252Fobo%252FARO_0000051,Australia,Oceania,Australia and New Zealand
SAMN33606182,SRS16970933,GCA_035936895.1,2022.0,AUS,Homo sapiens,,,AUSMDU00074300,,,,,Streptococcus,Streptococcus pneumoniae,37823632.0,susceptible,,,PATRIC,tetracycline,CLSI,broth dilution,1.0,<=,mg/L,Sensititre,susceptible,Streptococcus pneumoniae,ARO_0000051,https://www.ebi.ac.uk/ols4/ontologies/aro/classes/http%253A%252F%252Fpurl.obolibrary.org%252Fobo%252FARO_0000051,Australia,Oceania,Australia and New Zealand
SAMN05898555,SRS1739312,GCA_036046855.1,2010.0,CAN,Homo sapiens,64.0,male,SC11-0040-P,blood,blood,,,Streptococcus,Streptococcus pneumoniae,28531208.0,susceptible,,,NCBI_antibiogram;NDARO;PATRIC,tetracycline,,broth dilution,1.0,<=,mg/L,Sensititre,susceptible,Streptococcus pneumoniae,ARO_0000051,https://www.ebi.ac.uk/ols4/ontologies/aro/classes/http%253A%252F%252Fpurl.obolibrary.org%252Fobo%252FARO_0000051,Canada,Americas,Northern America
SAMN05898551,SRS1739307,GCA_036046955.1,2010.0,CAN,Homo sapiens,65.0,female,SC10-2650-P,,blood,,,Streptococcus,Streptococcus pneumoniae,28531208.0,susceptible,,,NCBI_antibiogram;NDARO;PATRIC,tetracycline,,broth dilution,1.0,<=,mg/L,Sensititre,susceptible,Streptococcus pneumoniae,ARO_0000051,https://www.ebi.ac.uk/ols4/ontologies/aro/classes/http%253A%252F%252Fpurl.obolibrary.org%252Fobo%252FARO_0000051,Canada,Americas,Northern America
SAMN05898654,SRS1739286,GCA_036047375.1,2014.0,CAN,Homo sapiens,64.0,male,SC15-0240-P,,blood,,,Streptococcus,Streptococcus pneumoniae,28531208.0,susceptible,,,NCBI_antibiogram;NDARO;PATRIC,tetracycline,,broth dilution,1.0,<=,mg/L,Sensititre,susceptible,Streptococcus pneumoniae,ARO_0000051,https://www.ebi.ac.uk/ols4/ontologies/aro/classes/http%253A%252F%252Fpurl.obolibrary.org%252Fobo%252FARO_0000051,Canada,Americas,Northern America
SAMN05898644,SRS1739275,GCA_036047595.1,2014.0,CAN,Homo sapiens,65.0,male,SC14-2194-P,blood,blood,,,Streptococcus,Streptococcus pneumoniae,28531208.0,susceptible,,,NCBI_antibiogram;NDARO;PATRIC,tetracycline,,broth dilution,1.0,<=,mg/L,Sensititre,susceptible,Streptococcus pneumoniae,ARO_0000051,https://www.ebi.ac.uk/ols4/ontologies/aro/classes/http%253A%252F%252Fpurl.obolibrary.org%252Fobo%252FARO_0000051,Canada,Americas,Northern America
SAMN03764931,SRS967278,GCA_036196625.1,,,other (non-clinical isolate),3.0,,8,,,,,Streptococcus,Streptococcus pneumoniae,,susceptible,susceptible,no,NCBI_antibiogram;NDARO;PATRIC,tetracycline,,broth dilution,0.5,==,mg/L,Sensititre,susceptible,Streptococcus pneumoniae,ARO_0000051,https://www.ebi.ac.uk/ols4/ontologies/aro/classes/http%253A%252F%252Fpurl.obolibrary.org%252Fobo%252FARO_0000051,,,
SAMEA2203800,ERS356304,GCA_900037005.2,2009.0,USA,Homo sapiens,,,11679_1#13,blood,blood,37.0902,-95.7129,Streptococcus,Streptococcus pneumoniae,31003929,resistant,resistant,no,PATRIC;microreact,tetracycline,CLSI,broth dilution,8.0,==,mg/L,,resistant,Streptococcus pneumoniae,ARO_0000051,https://www.ebi.ac.uk/ols4/ontologies/aro/classes/http%253A%252F%252Fpurl.obolibrary.org%252Fobo%252FARO_0000051,United States of America,Americas,Northern America
SAMEA2203854,ERS356358,GCA_900038125.2,2009.0,USA,Homo sapiens,,,11679_1#28,blood,blood,37.0902,-95.7129,Streptococcus,Streptococcus pneumoniae,31003929,resistant,resistant,no,PATRIC;microreact,tetracycline,CLSI,broth dilution,8.0,==,mg/L,,resistant,Streptococcus pneumoniae,ARO_0000051,https://www.ebi.ac.uk/ols4/ontologies/aro/classes/http%253A%252F%252Fpurl.obolibrary.org%252Fobo%252FARO_0000051,United States of America,Americas,Northern America
SAMEA2203912,ERS356423,GCA_900051135.2,2009.0,USA,Homo sapiens,,,11658_2#75,blood,blood,37.0902,-95.7129,Streptococcus,Streptococcus pneumoniae,31003929,resistant,resistant,no,PATRIC;microreact,tetracycline,CLSI,broth dilution,8.0,==,mg/L,,resistant,Streptococcus pneumoniae,ARO_0000051,https://www.ebi.ac.uk/ols4/ontologies/aro/classes/http%253A%252F%252Fpurl.obolibrary.org%252Fobo%252FARO_0000051,United States of America,Americas,Northern America
SAMEA2467730,ERS437355,GCA_900052415.2,2009.0,USA,Homo sapiens,,,13154_3#51,blood,blood,37.0902,-95.7129,Streptococcus,Streptococcus pneumoniae,31003929,intermediate,resistant,no,PATRIC;microreact,tetracycline,CLSI,broth dilution,2.0,==,mg/L,,intermediate,Streptococcus pneumoniae,ARO_0000051,https://www.ebi.ac.uk/ols4/ontologies/aro/classes/http%253A%252F%252Fpurl.obolibrary.org%252Fobo%252FARO_0000051,United States of America,Americas,Northern America
SAMEA2521634,ERS455174,GCA_900052455.2,2012.0,USA,Homo sapiens,,,13414_2#83,blood,blood,37.0902,-95.7129,Streptococcus,Streptococcus pneumoniae,31003929,resistant,resistant,no,PATRIC;microreact,tetracycline,CLSI,broth dilution,8.0,==,mg/L,,resistant,Streptococcus pneumoniae,ARO_0000051,https://www.ebi.ac.uk/ols4/ontologies/aro/classes/http%253A%252F%252Fpurl.obolibrary.org%252Fobo%252FARO_0000051,United States of America,Americas,Northern America
SAMEA2203996,ERS356507,GCA_900055665.2,2009.0,USA,Homo sapiens,,,11657_4#49,blood,blood,37.0902,-95.7129,Streptococcus,Streptococcus pneumoniae,31003929,resistant,resistant,no,PATRIC;microreact,tetracycline,CLSI,broth dilution,8.0,==,mg/L,,resistant,Streptococcus pneumoniae,ARO_0000051,https://www.ebi.ac.uk/ols4/ontologies/aro/classes/http%253A%252F%252Fpurl.obolibrary.org%252Fobo%252FARO_0000051,United States of America,Americas,Northern America
SAMEA2796487,ERS558098,GCA_900057395.2,2008.0,USA,Homo sapiens,,,14673_1#79,blood,blood,37.0902,-95.7129,Streptococcus,Streptococcus pneumoniae,31003929,resistant,resistant,no,PATRIC;microreact,tetracycline,CLSI,broth dilution,8.0,==,mg/L,,resistant,Streptococcus pneumoniae,ARO_0000051,https://www.ebi.ac.uk/ols4/ontologies/aro/classes/http%253A%252F%252Fpurl.obolibrary.org%252Fobo%252FARO_0000051,United States of America,Americas,Northern America
SAMEA2467739,ERS437364,GCA_900059295.2,2009.0,USA,Homo sapiens,,,13154_3#60,blood,blood,37.0902,-95.7129,Streptococcus,Streptococcus pneumoniae,31003929,intermediate,resistant,no,PATRIC;microreact,tetracycline,CLSI,broth dilution,2.0,==,mg/L,,intermediate,Streptococcus pneumoniae,ARO_0000051,https://www.ebi.ac.uk/ols4/ontologies/aro/classes/http%253A%252F%252Fpurl.obolibrary.org%252Fobo%252FARO_0000051,United States of America,Americas,Northern America
SAMEA2521573,ERS455113,GCA_900059335.2,2012.0,USA,Homo sapiens,,,13414_2#22,blood,blood,37.0902,-95.7129,Streptococcus,Streptococcus pneumoniae,31003929,resistant,resistant,no,PATRIC;microreact,tetracycline,CLSI,broth dilution,8.0,==,mg/L,,resistant,Streptococcus pneumoniae,ARO_0000051,https://www.ebi.ac.uk/ols4/ontologies/aro/classes/http%253A%252F%252Fpurl.obolibrary.org%252Fobo%252FARO_0000051,United States of America,Americas,Northern America
SAMEA2467760,ERS437385,GCA_900060855.2,2009.0,USA,Homo sapiens,,,13154_3#81,blood,blood,37.0902,-95.7129,Streptococcus,Streptococcus pneumoniae,31003929,intermediate,resistant,no,PATRIC;microreact,tetracycline,CLSI,broth dilution,2.0,==,mg/L,,intermediate,Streptococcus pneumoniae,ARO_0000051,https://www.ebi.ac.uk/ols4/ontologies/aro/classes/http%253A%252F%252Fpurl.obolibrary.org%252Fobo%252FARO_0000051,United States of America,Americas,Northern America
SAMEA2336023,ERS394217,GCA_900061195.2,2009.0,USA,Homo sapiens,,,12291_5#1,blood,blood,37.0902,-95.7129,Streptococcus,Streptococcus pneumoniae,31003929,resistant,resistant,no,PATRIC;microreact,tetracycline,CLSI,broth dilution,8.0,==,mg/L,,resistant,Streptococcus pneumoniae,ARO_0000051,https://www.ebi.ac.uk/ols4/ontologies/aro/classes/http%253A%252F%252Fpurl.obolibrary.org%252Fobo%252FARO_0000051,United States of America,Americas,Northern America
SAMEA2796603,ERS558214,GCA_900065625.2,2008.0,USA,Homo sapiens,,,14673_3#5,blood,blood,37.0902,-95.7129,Streptococcus,Streptococcus pneumoniae,31003929,resistant,resistant,no,PATRIC;microreact,tetracycline,CLSI,broth dilution,8.0,==,mg/L,,resistant,Streptococcus pneumoniae,ARO_0000051,https://www.ebi.ac.uk/ols4/ontologies/aro/classes/http%253A%252F%252Fpurl.obolibrary.org%252Fobo%252FARO_0000051,United States of America,Americas,Northern America
SAMEA2204049,ERS356560,GCA_901212775.1,2006.0,PER,Homo sapiens,,male,11657_8#37,csf,central nervous system,-9.18997,-75.0152,Streptococcus,Streptococcus pneumoniae,31003929,resistant,resistant,no,PATRIC;microreact,tetracycline,CLSI,disk diffusion,22.0,==,mm,,resistant,Streptococcus pneumoniae,ARO_0000051,https://www.ebi.ac.uk/ols4/ontologies/aro/classes/http%253A%252F%252Fpurl.obolibrary.org%252Fobo%252FARO_0000051,Peru,Americas,Latin America and the Caribbean
SAMEA2335662,ERS393856,GCA_901213595.1,2011.0,PER,Homo sapiens,,female,12291_1#3,csf,central nervous system,-9.18997,-75.0152,Streptococcus,Streptococcus pneumoniae,31003929,intermediate,susceptible,no,PATRIC;microreact,tetracycline,CLSI,disk diffusion,25.0,==,mm,,intermediate,Streptococcus pneumoniae,ARO_0000051,https://www.ebi.ac.uk/ols4/ontologies/aro/classes/http%253A%252F%252Fpurl.obolibrary.org%252Fobo%252FARO_0000051,Peru,Americas,Latin America and the Caribbean
SAMEA2335664,ERS393858,GCA_901213765.1,2011.0,PER,Homo sapiens,,female,12291_1#5,peritoneal fluid,internal organs and fluids,-9.18997,-75.0152,Streptococcus,Streptococcus pneumoniae,31003929,intermediate,susceptible,no,PATRIC;microreact,tetracycline,CLSI,disk diffusion,27.0,==,mm,,intermediate,Streptococcus pneumoniae,ARO_0000051,https://www.ebi.ac.uk/ols4/ontologies/aro/classes/http%253A%252F%252Fpurl.obolibrary.org%252Fobo%252FARO_0000051,Peru,Americas,Latin America and the Caribbean
SAMEA2203289,ERS355793,GCA_901213825.1,2007.0,TGO,Homo sapiens,,female,11658_1#34,cerebrospinal fluid,central nervous system,8.61954,0.824782,Streptococcus,Streptococcus pneumoniae,31003929,resistant,resistant,no,PATRIC;microreact,tetracycline,CLSI,E-test,16.0,==,mg/L,,resistant,Streptococcus pneumoniae,ARO_0000051,https://www.ebi.ac.uk/ols4/ontologies/aro/classes/http%253A%252F%252Fpurl.obolibrary.org%252Fobo%252FARO_0000051,Togo,Africa,Sub-Saharan Africa
SAMEA2335692,ERS393886,GCA_901214215.1,2007.0,PER,Homo sapiens,,,12291_1#33,np swab,respiratory tract,-9.18997,-75.0152,Streptococcus,Streptococcus pneumoniae,31003929,intermediate,susceptible,no,PATRIC;microreact,tetracycline,CLSI,disk diffusion,26.0,==,mm,,intermediate,Streptococcus pneumoniae,ARO_0000051,https://www.ebi.ac.uk/ols4/ontologies/aro/classes/http%253A%252F%252Fpurl.obolibrary.org%252Fobo%252FARO_0000051,Peru,Americas,Latin America and the Caribbean
SAMEA2335701,ERS393895,GCA_901214475.1,2007.0,PER,Homo sapiens,,male,12291_1#42,nasopharynx,respiratory tract,-9.18997,-75.0152,Streptococcus,Streptococcus pneumoniae,31003929,resistant,resistant,no,microreact,tetracycline,CLSI,disk diffusion,17.0,==,mm,,resistant,Streptococcus pneumoniae,ARO_0000051,https://www.ebi.ac.uk/ols4/ontologies/aro/classes/http%253A%252F%252Fpurl.obolibrary.org%252Fobo%252FARO_0000051,Peru,Americas,Latin America and the Caribbean
SAMEA2203386,ERS355890,GCA_901214595.1,1996.0,GMB,Homo sapiens,,male,11658_1#87,venous blood,blood,13.4432,-15.3101,Streptococcus,Streptococcus pneumoniae,31003929,susceptible,susceptible,no,PATRIC;microreact,tetracycline,CLSI,E-test,0.125,==,mg/L,,susceptible,Streptococcus pneumoniae,ARO_0000051,https://www.ebi.ac.uk/ols4/ontologies/aro/classes/http%253A%252F%252Fpurl.obolibrary.org%252Fobo%252FARO_0000051,Gambia,Africa,Sub-Saharan Africa
SAMEA2335705,ERS393899,GCA_901214715.1,2007.0,PER,Homo sapiens,,male,12291_1#46,np swab,respiratory tract,-9.18997,-75.0152,Streptococcus,Streptococcus pneumoniae,31003929,resistant,resistant,no,PATRIC;microreact,tetracycline,CLSI,disk diffusion,24.0,==,mm,,resistant,Streptococcus pneumoniae,ARO_0000051,https://www.ebi.ac.uk/ols4/ontologies/aro/classes/http%253A%252F%252Fpurl.obolibrary.org%252Fobo%252FARO_0000051,Peru,Americas,Latin America and the Caribbean
SAMEA2335730,ERS393924,GCA_901215595.1,2007.0,PER,Homo sapiens,,female,12291_1#71,np swab,respiratory tract,-9.18997,-75.0152,Streptococcus,Streptococcus pneumoniae,31003929,susceptible,susceptible,no,PATRIC;microreact,tetracycline,CLSI,disk diffusion,33.0,==,mm,,susceptible,Streptococcus pneumoniae,ARO_0000051,https://www.ebi.ac.uk/ols4/ontologies/aro/classes/http%253A%252F%252Fpurl.obolibrary.org%252Fobo%252FARO_0000051,Peru,Americas,Latin America and the Caribbean
SAMEA2335734,ERS393928,GCA_901215815.1,2007.0,PER,Homo sapiens,,female,12291_1#75,np swab,respiratory tract,-9.18997,-75.0152,Streptococcus,Streptococcus pneumoniae,31003929,intermediate,susceptible,no,PATRIC;microreact,tetracycline,CLSI,disk diffusion,26.0,==,mm,,intermediate,Streptococcus pneumoniae,ARO_0000051,https://www.ebi.ac.uk/ols4/ontologies/aro/classes/http%253A%252F%252Fpurl.obolibrary.org%252Fobo%252FARO_0000051,Peru,Americas,Latin America and the Caribbean
SAMEA2335738,ERS393932,GCA_901215915.1,2007.0,PER,Homo sapiens,,male,12291_1#79,np swab,respiratory tract,-9.18997,-75.0152,Streptococcus,Streptococcus pneumoniae,31003929,intermediate,susceptible,no,PATRIC;microreact,tetracycline,CLSI,disk diffusion,27.0,==,mm,,intermediate,Streptococcus pneumoniae,ARO_0000051,https://www.ebi.ac.uk/ols4/ontologies/aro/classes/http%253A%252F%252Fpurl.obolibrary.org%252Fobo%252FARO_0000051,Peru,Americas,Latin America and the Caribbean
SAMEA2335846,ERS394040,GCA_901216605.1,2008.0,PER,Homo sapiens,,female,12291_3#4,np swab,respiratory tract,-9.18997,-75.0152,Streptococcus,Streptococcus pneumoniae,31003929,resistant,resistant,no,PATRIC;microreact,tetracycline,CLSI,disk diffusion,22.0,==,mm,,resistant,Streptococcus pneumoniae,ARO_0000051,https://www.ebi.ac.uk/ols4/ontologies/aro/classes/http%253A%252F%252Fpurl.obolibrary.org%252Fobo%252FARO_0000051,Peru,Americas,Latin America and the Caribbean
SAMEA2335903,ERS394097,GCA_901218125.1,2009.0,PER,Homo sapiens,,male,12291_3#61,np swab,respiratory tract,-9.18997,-75.0152,Streptococcus,Streptococcus pneumoniae,31003929,resistant,resistant,no,PATRIC;microreact,tetracycline,CLSI,disk diffusion,24.0,==,mm,,resistant,Streptococcus pneumoniae,ARO_0000051,https://www.ebi.ac.uk/ols4/ontologies/aro/classes/http%253A%252F%252Fpurl.obolibrary.org%252Fobo%252FARO_0000051,Peru,Americas,Latin America and the Caribbean
SAMEA2335927,ERS394121,GCA_901218995.1,2009.0,PER,Homo sapiens,,female,12291_3#85,np swab,respiratory tract,-9.18997,-75.0152,Streptococcus,Streptococcus pneumoniae,31003929,intermediate,susceptible,no,PATRIC;microreact,tetracycline,CLSI,disk diffusion,27.0,==,mm,,intermediate,Streptococcus pneumoniae,ARO_0000051,https://www.ebi.ac.uk/ols4/ontologies/aro/classes/http%253A%252F%252Fpurl.obolibrary.org%252Fobo%252FARO_0000051,Peru,Americas,Latin America and the Caribbean
SAMEA2658369,ERS508397,GCA_901224185.1,2007.0,ZAF,Homo sapiens,,male,14555_3#42,csf,central nervous system,-30.5595,22.9375,Streptococcus,Streptococcus pneumoniae,31003929,resistant,resistant,no,PATRIC;microreact,tetracycline,CLSI,E-test,6.0,==,mg/L,,resistant,Streptococcus pneumoniae,ARO_0000051,https://www.ebi.ac.uk/ols4/ontologies/aro/classes/http%253A%252F%252Fpurl.obolibrary.org%252Fobo%252FARO_0000051,South Africa,Africa,Sub-Saharan Africa
SAMEA2658373,ERS508401,GCA_901224305.1,2007.0,ZAF,Homo sapiens,,female,14555_3#43,csf,central nervous system,-30.5595,22.9375,Streptococcus,Streptococcus pneumoniae,31003929,resistant,resistant,no,PATRIC;microreact,tetracycline,CLSI,E-test,16.0,==,mg/L,,resistant,Streptococcus pneumoniae,ARO_0000051,https://www.ebi.ac.uk/ols4/ontologies/aro/classes/http%253A%252F%252Fpurl.obolibrary.org%252Fobo%252FARO_0000051,South Africa,Africa,Sub-Saharan Africa
SAMEA3175819,ERS628767,GCA_901224355.1,2013.0,SVN,Homo sapiens,,male,15608_3#66,blood,blood,46.1512,14.9955,Streptococcus,Streptococcus pneumoniae,31003929,resistant,resistant,no,PATRIC;microreact,tetracycline,CLSI,E-test,16.0,==,mg/L,,resistant,Streptococcus pneumoniae,ARO_0000051,https://www.ebi.ac.uk/ols4/ontologies/aro/classes/http%253A%252F%252Fpurl.obolibrary.org%252Fobo%252FARO_0000051,Slovenia,Europe,Southern Europe
SAMEA2796502,ERS558113,GCA_901224845.1,2001.0,USA,Homo sapiens,,,14673_1#94,blood,blood,37.0902,-95.7129,Streptococcus,Streptococcus pneumoniae,31003929,intermediate,resistant,no,PATRIC;microreact,tetracycline,CLSI,broth dilution,2.0,<,mg/L,,susceptible,Streptococcus pneumoniae,ARO_0000051,https://www.ebi.ac.uk/ols4/ontologies/aro/classes/http%253A%252F%252Fpurl.obolibrary.org%252Fobo%252FARO_0000051,United States of America,Americas,Northern America
SAMEA3353971,ERS708326,GCA_901225185.1,2014.0,ZAF,Homo sapiens,,female,17175_7#37,csf,central nervous system,-30.5595,22.9375,Streptococcus,Streptococcus pneumoniae,31003929,susceptible,susceptible,no,PATRIC;microreact,tetracycline,CLSI,broth dilution,1.0,==,mg/L,,susceptible,Streptococcus pneumoniae,ARO_0000051,https://www.ebi.ac.uk/ols4/ontologies/aro/classes/http%253A%252F%252Fpurl.obolibrary.org%252Fobo%252FARO_0000051,South Africa,Africa,Sub-Saharan Africa
SAMEA2796504,ERS558115,GCA_901225205.1,2000.0,USA,Homo sapiens,,,14673_2#1,blood,blood,37.0902,-95.7129,Streptococcus,Streptococcus pneumoniae,31003929,intermediate,resistant,no,PATRIC;microreact,tetracycline,CLSI,broth dilution,2.0,<,mg/L,,susceptible,Streptococcus pneumoniae,ARO_0000051,https://www.ebi.ac.uk/ols4/ontologies/aro/classes/http%253A%252F%252Fpurl.obolibrary.org%252Fobo%252FARO_0000051,United States of America,Americas,Northern America
SAMEA2434676,ERS428853,GCA_901225585.1,2005.0,ZAF,Homo sapiens,,female,12837_3#88,csf + blood,,-30.5595,22.9375,Streptococcus,Streptococcus pneumoniae,31003929,resistant,resistant,no,PATRIC;microreact,tetracycline,CLSI,E-test,24.0,==,mg/L,,resistant,Streptococcus pneumoniae,ARO_0000051,https://www.ebi.ac.uk/ols4/ontologies/aro/classes/http%253A%252F%252Fpurl.obolibrary.org%252Fobo%252FARO_0000051,South Africa,Africa,Sub-Saharan Africa
SAMEA3353980,ERS708335,GCA_901225885.1,2014.0,ZAF,Homo sapiens,,female,17175_7#41,blood,blood,-30.5595,22.9375,Streptococcus,Streptococcus pneumoniae,31003929,susceptible,susceptible,no,PATRIC;microreact,tetracycline,CLSI,broth dilution,1.0,==,mg/L,,susceptible,Streptococcus pneumoniae,ARO_0000051,https://www.ebi.ac.uk/ols4/ontologies/aro/classes/http%253A%252F%252Fpurl.obolibrary.org%252Fobo%252FARO_0000051,South Africa,Africa,Sub-Saharan Africa
SAMEA3353986,ERS708341,GCA_901226095.1,2014.0,ZAF,Homo sapiens,,male,17175_7#44,blood,blood,-30.5595,22.9375,Streptococcus,Streptococcus pneumoniae,31003929,susceptible,susceptible,no,PATRIC;microreact,tetracycline,CLSI,broth dilution,1.0,==,mg/L,,susceptible,Streptococcus pneumoniae,ARO_0000051,https://www.ebi.ac.uk/ols4/ontologies/aro/classes/http%253A%252F%252Fpurl.obolibrary.org%252Fobo%252FARO_0000051,South Africa,Africa,Sub-Saharan Africa
SAMEA2814263,ERS566631,GCA_901226145.1,2012.0,ZAF,Homo sapiens,,female,14913_7#53,blood,blood,-30.5595,22.9375,Streptococcus,Streptococcus pneumoniae,31003929,intermediate,resistant,no,PATRIC;microreact,tetracycline,CLSI,broth dilution,2.0,==,mg/L,,intermediate,Streptococcus pneumoniae,ARO_0000051,https://www.ebi.ac.uk/ols4/ontologies/aro/classes/http%253A%252F%252Fpurl.obolibrary.org%252Fobo%252FARO_0000051,South Africa,Africa,Sub-Saharan Africa
SAMEA2146811,ERS322326,GCA_901226755.1,1999.0,USA,Homo sapiens,,,11822_1#24,blood,blood,37.0902,-95.7129,Streptococcus,Streptococcus pneumoniae,31003929,susceptible,susceptible,no,PATRIC;microreact,tetracycline,CLSI,broth dilution,1.0,==,mg/L,,susceptible,Streptococcus pneumoniae,ARO_0000051,https://www.ebi.ac.uk/ols4/ontologies/aro/classes/http%253A%252F%252Fpurl.obolibrary.org%252Fobo%252FARO_0000051,United States of America,Americas,Northern America
SAMEA2814269,ERS566637,GCA_901227335.1,2011.0,ZAF,Homo sapiens,,male,14913_7#59,blood,blood,-30.5595,22.9375,Streptococcus,Streptococcus pneumoniae,31003929,intermediate,resistant,no,PATRIC;microreact,tetracycline,CLSI,broth dilution,2.0,==,mg/L,,intermediate,Streptococcus pneumoniae,ARO_0000051,https://www.ebi.ac.uk/ols4/ontologies/aro/classes/http%253A%252F%252Fpurl.obolibrary.org%252Fobo%252FARO_0000051,South Africa,Africa,Sub-Saharan Africa
SAMEA2521733,ERS455273,GCA_901227765.1,2012.0,USA,Homo sapiens,,,13710_2#50,blood,blood,37.0902,-95.7129,Streptococcus,Streptococcus pneumoniae,31003929,susceptible,susceptible,no,PATRIC;microreact,tetracycline,CLSI,broth dilution,0.25,==,mg/L,,susceptible,Streptococcus pneumoniae,ARO_0000051,https://www.ebi.ac.uk/ols4/ontologies/aro/classes/http%253A%252F%252Fpurl.obolibrary.org%252Fobo%252FARO_0000051,United States of America,Americas,Northern America
SAMEA2145401,ERS322342,GCA_901227805.1,1999.0,USA,Homo sapiens,,,11822_1#32,blood,blood,37.0902,-95.7129,Streptococcus,Streptococcus pneumoniae,31003929,susceptible,susceptible,no,PATRIC;microreact,tetracycline,CLSI,broth dilution,1.0,==,mg/L,,susceptible,Streptococcus pneumoniae,ARO_0000051,https://www.ebi.ac.uk/ols4/ontologies/aro/classes/http%253A%252F%252Fpurl.obolibrary.org%252Fobo%252FARO_0000051,United States of America,Americas,Northern America
SAMEA2521782,ERS455322,GCA_901227815.1,2012.0,USA,Homo sapiens,,,13353_7#41,blood,blood,37.0902,-95.7129,Streptococcus,Streptococcus pneumoniae,31003929,susceptible,susceptible,no,PATRIC;microreact,tetracycline,CLSI,broth dilution,0.25,==,mg/L,,susceptible,Streptococcus pneumoniae,ARO_0000051,https://www.ebi.ac.uk/ols4/ontologies/aro/classes/http%253A%252F%252Fpurl.obolibrary.org%252Fobo%252FARO_0000051,United States of America,Americas,Northern America
SAMEA2521734,ERS455274,GCA_901227935.1,2012.0,USA,Homo sapiens,,,13710_2#51,blood,blood,37.0902,-95.7129,Streptococcus,Streptococcus pneumoniae,31003929,susceptible,susceptible,no,PATRIC;microreact,tetracycline,CLSI,broth dilution,0.25,==,mg/L,,susceptible,Streptococcus pneumoniae,ARO_0000051,https://www.ebi.ac.uk/ols4/ontologies/aro/classes/http%253A%252F%252Fpurl.obolibrary.org%252Fobo%252FARO_0000051,United States of America,Americas,Northern America
SAMEA2658442,ERS508470,GCA_901228565.1,2006.0,ZAF,Homo sapiens,,male,14555_3#65,blood,blood,-30.5595,22.9375,Streptococcus,Streptococcus pneumoniae,31003929,resistant,resistant,no,PATRIC;microreact,tetracycline,CLSI,E-test,12.0,==,mg/L,,resistant,Streptococcus pneumoniae,ARO_0000051,https://www.ebi.ac.uk/ols4/ontologies/aro/classes/http%253A%252F%252Fpurl.obolibrary.org%252Fobo%252FARO_0000051,South Africa,Africa,Sub-Saharan Africa
SAMEA2434695,ERS428872,GCA_901228675.1,2006.0,ZAF,Homo sapiens,,female,12837_4#19,blood,blood,-30.5595,22.9375,Streptococcus,Streptococcus pneumoniae,31003929,resistant,resistant,no,PATRIC;microreact,tetracycline,CLSI,E-test,16.0,==,mg/L,,resistant,Streptococcus pneumoniae,ARO_0000051,https://www.ebi.ac.uk/ols4/ontologies/aro/classes/http%253A%252F%252Fpurl.obolibrary.org%252Fobo%252FARO_0000051,South Africa,Africa,Sub-Saharan Africa
SAMEA2066651,ERS242909,GCA_901229795.1,2010.0,TGO,Homo sapiens,,male,10395_5#25,cerebrospinal fluid,central nervous system,8.61954,0.824782,Streptococcus,Streptococcus pneumoniae,31003929,resistant,resistant,no,PATRIC;microreact,tetracycline,CLSI,disk diffusion,22.0,==,mm,,resistant,Streptococcus pneumoniae,ARO_0000051,https://www.ebi.ac.uk/ols4/ontologies/aro/classes/http%253A%252F%252Fpurl.obolibrary.org%252Fobo%252FARO_0000051,Togo,Africa,Sub-Saharan Africa
SAMEA2814282,ERS566650,GCA_901230075.1,2013.0,ZAF,Homo sapiens,,male,14913_7#72,csf & blood,,-30.5595,22.9375,Streptococcus,Streptococcus pneumoniae,31003929,resistant,resistant,no,PATRIC;microreact,tetracycline,CLSI,broth dilution,8.0,==,mg/L,,resistant,Streptococcus pneumoniae,ARO_0000051,https://www.ebi.ac.uk/ols4/ontologies/aro/classes/http%253A%252F%252Fpurl.obolibrary.org%252Fobo%252FARO_0000051,South Africa,Africa,Sub-Saharan Africa
SAMEA2434704,ERS428881,GCA_901230175.1,2006.0,ZAF,Homo sapiens,,female,12837_4#28,csf + blood,,-30.5595,22.9375,Streptococcus,Streptococcus pneumoniae,31003929,resistant,resistant,no,PATRIC;microreact,tetracycline,CLSI,E-test,24.0,==,mg/L,,resistant,Streptococcus pneumoniae,ARO_0000051,https://www.ebi.ac.uk/ols4/ontologies/aro/classes/http%253A%252F%252Fpurl.obolibrary.org%252Fobo%252FARO_0000051,South Africa,Africa,Sub-Saharan Africa
SAMEA2521803,ERS455343,GCA_901230225.1,2012.0,USA,Homo sapiens,,,13353_7#62,blood,blood,37.0902,-95.7129,Streptococcus,Streptococcus pneumoniae,31003929,susceptible,susceptible,no,PATRIC;microreact,tetracycline,CLSI,broth dilution,0.25,==,mg/L,,susceptible,Streptococcus pneumoniae,ARO_0000051,https://www.ebi.ac.uk/ols4/ontologies/aro/classes/http%253A%252F%252Fpurl.obolibrary.org%252Fobo%252FARO_0000051,United States of America,Americas,Northern America
SAMEA2521853,ERS455393,GCA_901231145.1,2000.0,USA,Homo sapiens,,,13710_2#66,blood,blood,37.0902,-95.7129,Streptococcus,Streptococcus pneumoniae,31003929,intermediate,resistant,no,PATRIC;microreact,tetracycline,CLSI,broth dilution,2.0,==,mg/L,,intermediate,Streptococcus pneumoniae,ARO_0000051,https://www.ebi.ac.uk/ols4/ontologies/aro/classes/http%253A%252F%252Fpurl.obolibrary.org%252Fobo%252FARO_0000051,United States of America,Americas,Northern America
SAMEA2658842,ERS508870,GCA_901231925.1,2010.0,ZAF,Homo sapiens,,male,14412_2#4,blood,blood,-30.5595,22.9375,Streptococcus,Streptococcus pneumoniae,31003929,intermediate,resistant,no,PATRIC;microreact,tetracycline,CLSI,broth dilution,2.0,==,mg/L,,intermediate,Streptococcus pneumoniae,ARO_0000051,https://www.ebi.ac.uk/ols4/ontologies/aro/classes/http%253A%252F%252Fpurl.obolibrary.org%252Fobo%252FARO_0000051,South Africa,Africa,Sub-Saharan Africa
SAMEA2814293,ERS566661,GCA_901232475.1,2011.0,ZAF,Homo sapiens,,female,14913_7#83,blood,blood,-30.5595,22.9375,Streptococcus,Streptococcus pneumoniae,31003929,intermediate,resistant,no,PATRIC;microreact,tetracycline,CLSI,broth dilution,2.0,==,mg/L,,intermediate,Streptococcus pneumoniae,ARO_0000051,https://www.ebi.ac.uk/ols4/ontologies/aro/classes/http%253A%252F%252Fpurl.obolibrary.org%252Fobo%252FARO_0000051,South Africa,Africa,Sub-Saharan Africa
SAMEA3354081,ERS708436,GCA_901232725.1,2014.0,ZAF,Homo sapiens,,female,17175_7#90,blood,blood,-30.5595,22.9375,Streptococcus,Streptococcus pneumoniae,31003929,susceptible,susceptible,no,PATRIC;microreact,tetracycline,CLSI,broth dilution,1.0,==,mg/L,,susceptible,Streptococcus pneumoniae,ARO_0000051,https://www.ebi.ac.uk/ols4/ontologies/aro/classes/http%253A%252F%252Fpurl.obolibrary.org%252Fobo%252FARO_0000051,South Africa,Africa,Sub-Saharan Africa
SAMEA3175862,ERS628810,GCA_901233985.1,2014.0,SVN,Homo sapiens,,female,15608_4#16,blood,blood,46.1512,14.9955,Streptococcus,Streptococcus pneumoniae,31003929,resistant,resistant,no,PATRIC;microreact,tetracycline,CLSI,E-test,16.0,==,mg/L,,resistant,Streptococcus pneumoniae,ARO_0000051,https://www.ebi.ac.uk/ols4/ontologies/aro/classes/http%253A%252F%252Fpurl.obolibrary.org%252Fobo%252FARO_0000051,Slovenia,Europe,Southern Europe
SAMEA2658967,ERS508995,GCA_901234025.1,2011.0,ZAF,Homo sapiens,,male,14893_8#3,csf,central nervous system,-30.5595,22.9375,Streptococcus,Streptococcus pneumoniae,31003929,intermediate,resistant,no,PATRIC;microreact,tetracycline,CLSI,broth dilution,2.0,==,mg/L,,intermediate,Streptococcus pneumoniae,ARO_0000051,https://www.ebi.ac.uk/ols4/ontologies/aro/classes/http%253A%252F%252Fpurl.obolibrary.org%252Fobo%252FARO_0000051,South Africa,Africa,Sub-Saharan Africa
SAMEA2336070,ERS394264,GCA_901234355.1,2009.0,USA,Homo sapiens,,,12291_5#48,blood,blood,37.0902,-95.7129,Streptococcus,Streptococcus pneumoniae,31003929,intermediate,resistant,no,PATRIC;microreact,tetracycline,CLSI,broth dilution,2.0,==,mg/L,,intermediate,Streptococcus pneumoniae,ARO_0000051,https://www.ebi.ac.uk/ols4/ontologies/aro/classes/http%253A%252F%252Fpurl.obolibrary.org%252Fobo%252FARO_0000051,United States of America,Americas,Northern America
SAMEA2336077,ERS394271,GCA_901235165.1,2009.0,USA,Homo sapiens,,,12291_5#55,blood,blood,37.0902,-95.7129,Streptococcus,Streptococcus pneumoniae,31003929,intermediate,resistant,no,PATRIC;microreact,tetracycline,CLSI,broth dilution,2.0,==,mg/L,,intermediate,Streptococcus pneumoniae,ARO_0000051,https://www.ebi.ac.uk/ols4/ontologies/aro/classes/http%253A%252F%252Fpurl.obolibrary.org%252Fobo%252FARO_0000051,United States of America,Americas,Northern America
SAMEA2336078,ERS394272,GCA_901235335.1,2009.0,USA,Homo sapiens,,,12291_5#56,blood,blood,37.0902,-95.7129,Streptococcus,Streptococcus pneumoniae,31003929,intermediate,resistant,no,PATRIC;microreact,tetracycline,CLSI,broth dilution,2.0,==,mg/L,,intermediate,Streptococcus pneumoniae,ARO_0000051,https://www.ebi.ac.uk/ols4/ontologies/aro/classes/http%253A%252F%252Fpurl.obolibrary.org%252Fobo%252FARO_0000051,United States of America,Americas,Northern America
SAMEA2521460,ERS455000,GCA_901235415.1,2009.0,USA,Homo sapiens,,,13414_1#10,blood,blood,37.0902,-95.7129,Streptococcus,Streptococcus pneumoniae,31003929,intermediate,resistant,no,PATRIC;microreact,tetracycline,CLSI,broth dilution,2.0,==,mg/L,,intermediate,Streptococcus pneumoniae,ARO_0000051,https://www.ebi.ac.uk/ols4/ontologies/aro/classes/http%253A%252F%252Fpurl.obolibrary.org%252Fobo%252FARO_0000051,United States of America,Americas,Northern America
SAMEA2659122,ERS509150,GCA_901235755.1,2010.0,ZAF,Homo sapiens,,male,14412_2#23,blood,blood,-30.5595,22.9375,Streptococcus,Streptococcus pneumoniae,31003929,intermediate,resistant,no,PATRIC;microreact,tetracycline,CLSI,broth dilution,2.0,==,mg/L,,intermediate,Streptococcus pneumoniae,ARO_0000051,https://www.ebi.ac.uk/ols4/ontologies/aro/classes/http%253A%252F%252Fpurl.obolibrary.org%252Fobo%252FARO_0000051,South Africa,Africa,Sub-Saharan Africa
SAMEA2814309,ERS566677,GCA_901235945.1,2013.0,ZAF,Homo sapiens,,female,14936_4#4,blood,blood,-30.5595,22.9375,Streptococcus,Streptococcus pneumoniae,31003929,intermediate,resistant,no,PATRIC;microreact,tetracycline,CLSI,broth dilution,2.0,==,mg/L,,intermediate,Streptococcus pneumoniae,ARO_0000051,https://www.ebi.ac.uk/ols4/ontologies/aro/classes/http%253A%252F%252Fpurl.obolibrary.org%252Fobo%252FARO_0000051,South Africa,Africa,Sub-Saharan Africa
SAMEA2336086,ERS394280,GCA_901236435.1,2009.0,USA,Homo sapiens,,,12291_5#64,blood,blood,37.0902,-95.7129,Streptococcus,Streptococcus pneumoniae,31003929,intermediate,resistant,no,PATRIC;microreact,tetracycline,CLSI,broth dilution,2.0,==,mg/L,,intermediate,Streptococcus pneumoniae,ARO_0000051,https://www.ebi.ac.uk/ols4/ontologies/aro/classes/http%253A%252F%252Fpurl.obolibrary.org%252Fobo%252FARO_0000051,United States of America,Americas,Northern America
SAMEA2659129,ERS509157,GCA_901236915.1,2010.0,ZAF,Homo sapiens,,female,14412_2#29,csf,central nervous system,-30.5595,22.9375,Streptococcus,Streptococcus pneumoniae,31003929,intermediate,resistant,no,PATRIC;microreact,tetracycline,CLSI,broth dilution,2.0,==,mg/L,,intermediate,Streptococcus pneumoniae,ARO_0000051,https://www.ebi.ac.uk/ols4/ontologies/aro/classes/http%253A%252F%252Fpurl.obolibrary.org%252Fobo%252FARO_0000051,South Africa,Africa,Sub-Saharan Africa
SAMEA2521473,ERS455013,GCA_901237405.1,2009.0,USA,Homo sapiens,,,13414_1#23,blood,blood,37.0902,-95.7129,Streptococcus,Streptococcus pneumoniae,31003929,intermediate,resistant,no,PATRIC;microreact,tetracycline,CLSI,broth dilution,2.0,==,mg/L,,intermediate,Streptococcus pneumoniae,ARO_0000051,https://www.ebi.ac.uk/ols4/ontologies/aro/classes/http%253A%252F%252Fpurl.obolibrary.org%252Fobo%252FARO_0000051,United States of America,Americas,Northern America
SAMEA2813998,ERS566366,GCA_901237515.1,2011.0,ZAF,Homo sapiens,,male,14913_2#13,blood,blood,-30.5595,22.9375,Streptococcus,Streptococcus pneumoniae,31003929,intermediate,resistant,no,PATRIC;microreact,tetracycline,CLSI,broth dilution,2.0,==,mg/L,,intermediate,Streptococcus pneumoniae,ARO_0000051,https://www.ebi.ac.uk/ols4/ontologies/aro/classes/http%253A%252F%252Fpurl.obolibrary.org%252Fobo%252FARO_0000051,South Africa,Africa,Sub-Saharan Africa
SAMEA3175875,ERS628823,GCA_901237585.1,2014.0,SVN,Homo sapiens,,male,15608_4#29,blood,blood,46.1512,14.9955,Streptococcus,Streptococcus pneumoniae,31003929,susceptible,susceptible,no,PATRIC;microreact,tetracycline,CLSI,E-test,0.125,==,mg/L,,susceptible,Streptococcus pneumoniae,ARO_0000051,https://www.ebi.ac.uk/ols4/ontologies/aro/classes/http%253A%252F%252Fpurl.obolibrary.org%252Fobo%252FARO_0000051,Slovenia,Europe,Southern Europe
SAMEA2521476,ERS455016,GCA_901237755.1,2009.0,USA,Homo sapiens,,,13414_1#26,blood,blood,37.0902,-95.7129,Streptococcus,Streptococcus pneumoniae,31003929,intermediate,resistant,no,PATRIC;microreact,tetracycline,CLSI,broth dilution,2.0,==,mg/L,,intermediate,Streptococcus pneumoniae,ARO_0000051,https://www.ebi.ac.uk/ols4/ontologies/aro/classes/http%253A%252F%252Fpurl.obolibrary.org%252Fobo%252FARO_0000051,United States of America,Americas,Northern America
SAMEA2554050,ERS464551,GCA_901238365.1,2009.0,ZAF,Homo sapiens,,male,13415_6#35,csf & blood,,-30.5595,22.9375,Streptococcus,Streptococcus pneumoniae,31003929,intermediate,resistant,no,PATRIC;microreact,tetracycline,CLSI,broth dilution,2.0,==,mg/L,,intermediate,Streptococcus pneumoniae,ARO_0000051,https://www.ebi.ac.uk/ols4/ontologies/aro/classes/http%253A%252F%252Fpurl.obolibrary.org%252Fobo%252FARO_0000051,South Africa,Africa,Sub-Saharan Africa
SAMEA2658849,ERS508877,GCA_901238505.1,2010.0,ZAF,Homo sapiens,,male,14412_2#37,blood,blood,-30.5595,22.9375,Streptococcus,Streptococcus pneumoniae,31003929,intermediate,resistant,no,PATRIC;microreact,tetracycline,CLSI,broth dilution,2.0,==,mg/L,,intermediate,Streptococcus pneumoniae,ARO_0000051,https://www.ebi.ac.uk/ols4/ontologies/aro/classes/http%253A%252F%252Fpurl.obolibrary.org%252Fobo%252FARO_0000051,South Africa,Africa,Sub-Saharan Africa
SAMEA2521481,ERS455021,GCA_901238635.1,2009.0,USA,Homo sapiens,,,13414_1#31,blood,blood,37.0902,-95.7129,Streptococcus,Streptococcus pneumoniae,31003929,intermediate,resistant,no,PATRIC;microreact,tetracycline,CLSI,broth dilution,2.0,==,mg/L,,intermediate,Streptococcus pneumoniae,ARO_0000051,https://www.ebi.ac.uk/ols4/ontologies/aro/classes/http%253A%252F%252Fpurl.obolibrary.org%252Fobo%252FARO_0000051,United States of America,Americas,Northern America
SAMEA2658948,ERS508976,GCA_901239145.1,2011.0,ZAF,Homo sapiens,,male,14555_4#17,csf,central nervous system,-30.5595,22.9375,Streptococcus,Streptococcus pneumoniae,31003929,intermediate,resistant,no,PATRIC;microreact,tetracycline,CLSI,broth dilution,2.0,==,mg/L,,intermediate,Streptococcus pneumoniae,ARO_0000051,https://www.ebi.ac.uk/ols4/ontologies/aro/classes/http%253A%252F%252Fpurl.obolibrary.org%252Fobo%252FARO_0000051,South Africa,Africa,Sub-Saharan Africa
SAMEA2658954,ERS508982,GCA_901239795.1,2011.0,ZAF,Homo sapiens,,male,14555_4#20,pleural fluid,internal organs and fluids,-30.5595,22.9375,Streptococcus,Streptococcus pneumoniae,31003929,resistant,resistant,no,PATRIC;microreact,tetracycline,CLSI,broth dilution,8.0,==,mg/L,,resistant,Streptococcus pneumoniae,ARO_0000051,https://www.ebi.ac.uk/ols4/ontologies/aro/classes/http%253A%252F%252Fpurl.obolibrary.org%252Fobo%252FARO_0000051,South Africa,Africa,Sub-Saharan Africa
SAMEA2658861,ERS508889,GCA_901240615.1,2010.0,ZAF,Homo sapiens,,male,14412_2#49,blood,blood,-30.5595,22.9375,Streptococcus,Streptococcus pneumoniae,31003929,intermediate,resistant,no,PATRIC;microreact,tetracycline,CLSI,broth dilution,2.0,==,mg/L,,intermediate,Streptococcus pneumoniae,ARO_0000051,https://www.ebi.ac.uk/ols4/ontologies/aro/classes/http%253A%252F%252Fpurl.obolibrary.org%252Fobo%252FARO_0000051,South Africa,Africa,Sub-Saharan Africa
SAMEA2814331,ERS566699,GCA_901240825.1,2013.0,ZAF,Homo sapiens,,female,14936_4#26,csf,central nervous system,-30.5595,22.9375,Streptococcus,Streptococcus pneumoniae,31003929,susceptible,susceptible,no,PATRIC;microreact,tetracycline,CLSI,broth dilution,1.0,==,mg/L,,susceptible,Streptococcus pneumoniae,ARO_0000051,https://www.ebi.ac.uk/ols4/ontologies/aro/classes/http%253A%252F%252Fpurl.obolibrary.org%252Fobo%252FARO_0000051,South Africa,Africa,Sub-Saharan Africa
SAMEA2814333,ERS566701,GCA_901241365.1,2013.0,ZAF,Homo sapiens,,male,14936_4#28,pus,skin or soft tissue,-30.5595,22.9375,Streptococcus,Streptococcus pneumoniae,31003929,resistant,resistant,no,PATRIC;microreact,tetracycline,CLSI,broth dilution,8.0,==,mg/L,,resistant,Streptococcus pneumoniae,ARO_0000051,https://www.ebi.ac.uk/ols4/ontologies/aro/classes/http%253A%252F%252Fpurl.obolibrary.org%252Fobo%252FARO_0000051,South Africa,Africa,Sub-Saharan Africa
SAMEA3354017,ERS708372,GCA_901241395.1,2014.0,ZAF,Homo sapiens,,male,17175_8#61,knee fluid,musculoskeletal system,-30.5595,22.9375,Streptococcus,Streptococcus pneumoniae,31003929,susceptible,susceptible,no,PATRIC;microreact,tetracycline,CLSI,broth dilution,1.0,==,mg/L,,susceptible,Streptococcus pneumoniae,ARO_0000051,https://www.ebi.ac.uk/ols4/ontologies/aro/classes/http%253A%252F%252Fpurl.obolibrary.org%252Fobo%252FARO_0000051,South Africa,Africa,Sub-Saharan Africa
SAMEA2814335,ERS566703,GCA_901241845.1,2013.0,ZAF,Homo sapiens,,male,14936_4#30,blood,blood,-30.5595,22.9375,Streptococcus,Streptococcus pneumoniae,31003929,resistant,resistant,no,PATRIC;microreact,tetracycline,CLSI,broth dilution,8.0,==,mg/L,,resistant,Streptococcus pneumoniae,ARO_0000051,https://www.ebi.ac.uk/ols4/ontologies/aro/classes/http%253A%252F%252Fpurl.obolibrary.org%252Fobo%252FARO_0000051,South Africa,Africa,Sub-Saharan Africa
SAMEA2658869,ERS508897,GCA_901242105.1,2010.0,ZAF,Homo sapiens,,male,14412_2#57,blood,blood,-30.5595,22.9375,Streptococcus,Streptococcus pneumoniae,31003929,intermediate,resistant,no,PATRIC;microreact,tetracycline,CLSI,broth dilution,2.0,==,mg/L,,intermediate,Streptococcus pneumoniae,ARO_0000051,https://www.ebi.ac.uk/ols4/ontologies/aro/classes/http%253A%252F%252Fpurl.obolibrary.org%252Fobo%252FARO_0000051,South Africa,Africa,Sub-Saharan Africa
SAMEA2658979,ERS509007,GCA_901242555.1,2011.0,ZAF,Homo sapiens,,male,14555_4#32,blood,blood,-30.5595,22.9375,Streptococcus,Streptococcus pneumoniae,31003929,intermediate,resistant,no,PATRIC;microreact,tetracycline,CLSI,broth dilution,2.0,==,mg/L,,intermediate,Streptococcus pneumoniae,ARO_0000051,https://www.ebi.ac.uk/ols4/ontologies/aro/classes/http%253A%252F%252Fpurl.obolibrary.org%252Fobo%252FARO_0000051,South Africa,Africa,Sub-Saharan Africa
SAMEA2298207,ERS390665,GCA_901243605.1,2012.0,ZAF,Homo sapiens,,male,12291_6#25,blood,blood,-30.5595,22.9375,Streptococcus,Streptococcus pneumoniae,31003929,resistant,resistant,no,PATRIC;microreact,tetracycline,CLSI,broth dilution,8.0,==,mg/L,,resistant,Streptococcus pneumoniae,ARO_0000051,https://www.ebi.ac.uk/ols4/ontologies/aro/classes/http%253A%252F%252Fpurl.obolibrary.org%252Fobo%252FARO_0000051,South Africa,Africa,Sub-Saharan Africa
SAMEA2658991,ERS509019,GCA_901243705.1,2011.0,ZAF,Homo sapiens,,male,14555_4#38,pleural fluid,internal organs and fluids,-30.5595,22.9375,Streptococcus,Streptococcus pneumoniae,31003929,intermediate,resistant,no,PATRIC;microreact,tetracycline,CLSI,broth dilution,2.0,==,mg/L,,intermediate,Streptococcus pneumoniae,ARO_0000051,https://www.ebi.ac.uk/ols4/ontologies/aro/classes/http%253A%252F%252Fpurl.obolibrary.org%252Fobo%252FARO_0000051,South Africa,Africa,Sub-Saharan Africa
SAMEA3354054,ERS708409,GCA_901244275.1,2014.0,ZAF,Homo sapiens,,female,17175_8#80,blood,blood,-30.5595,22.9375,Streptococcus,Streptococcus pneumoniae,31003929,susceptible,susceptible,no,PATRIC;microreact,tetracycline,CLSI,broth dilution,1.0,==,mg/L,,susceptible,Streptococcus pneumoniae,ARO_0000051,https://www.ebi.ac.uk/ols4/ontologies/aro/classes/http%253A%252F%252Fpurl.obolibrary.org%252Fobo%252FARO_0000051,South Africa,Africa,Sub-Saharan Africa
SAMEA2658880,ERS508908,GCA_901244355.1,2010.0,ZAF,Homo sapiens,,male,14412_2#68,csf,central nervous system,-30.5595,22.9375,Streptococcus,Streptococcus pneumoniae,31003929,intermediate,resistant,no,PATRIC;microreact,tetracycline,CLSI,broth dilution,2.0,==,mg/L,,intermediate,Streptococcus pneumoniae,ARO_0000051,https://www.ebi.ac.uk/ols4/ontologies/aro/classes/http%253A%252F%252Fpurl.obolibrary.org%252Fobo%252FARO_0000051,South Africa,Africa,Sub-Saharan Africa
SAMEA3354056,ERS708411,GCA_901244385.1,2014.0,ZAF,Homo sapiens,,male,17175_8#81,blood,blood,-30.5595,22.9375,Streptococcus,Streptococcus pneumoniae,31003929,resistant,resistant,no,PATRIC;microreact,tetracycline,CLSI,broth dilution,8.0,==,mg/L,,resistant,Streptococcus pneumoniae,ARO_0000051,https://www.ebi.ac.uk/ols4/ontologies/aro/classes/http%253A%252F%252Fpurl.obolibrary.org%252Fobo%252FARO_0000051,South Africa,Africa,Sub-Saharan Africa
SAMEA2659008,ERS509036,GCA_901244965.1,2011.0,ZAF,Homo sapiens,,female,14555_4#46,csf,central nervous system,-30.5595,22.9375,Streptococcus,Streptococcus pneumoniae,31003929,intermediate,resistant,no,PATRIC;microreact,tetracycline,CLSI,broth dilution,2.0,==,mg/L,,intermediate,Streptococcus pneumoniae,ARO_0000051,https://www.ebi.ac.uk/ols4/ontologies/aro/classes/http%253A%252F%252Fpurl.obolibrary.org%252Fobo%252FARO_0000051,South Africa,Africa,Sub-Saharan Africa
SAMEA2658886,ERS508914,GCA_901245345.1,2010.0,ZAF,Homo sapiens,,male,14412_2#74,blood,blood,-30.5595,22.9375,Streptococcus,Streptococcus pneumoniae,31003929,resistant,resistant,no,PATRIC;microreact,tetracycline,CLSI,broth dilution,8.0,==,mg/L,,resistant,Streptococcus pneumoniae,ARO_0000051,https://www.ebi.ac.uk/ols4/ontologies/aro/classes/http%253A%252F%252Fpurl.obolibrary.org%252Fobo%252FARO_0000051,South Africa,Africa,Sub-Saharan Africa
SAMEA2434802,ERS428979,GCA_901246025.1,2005.0,ZAF,Homo sapiens,,female,12837_5#38,csf,central nervous system,-30.5595,22.9375,Streptococcus,Streptococcus pneumoniae,31003929,resistant,resistant,no,PATRIC;microreact,tetracycline,CLSI,E-test,32.0,==,mg/L,,resistant,Streptococcus pneumoniae,ARO_0000051,https://www.ebi.ac.uk/ols4/ontologies/aro/classes/http%253A%252F%252Fpurl.obolibrary.org%252Fobo%252FARO_0000051,South Africa,Africa,Sub-Saharan Africa
SAMEA2659020,ERS509048,GCA_901246185.1,2011.0,ZAF,Homo sapiens,,male,14555_4#52,blood,blood,-30.5595,22.9375,Streptococcus,Streptococcus pneumoniae,31003929,intermediate,resistant,no,PATRIC;microreact,tetracycline,CLSI,broth dilution,2.0,==,mg/L,,intermediate,Streptococcus pneumoniae,ARO_0000051,https://www.ebi.ac.uk/ols4/ontologies/aro/classes/http%253A%252F%252Fpurl.obolibrary.org%252Fobo%252FARO_0000051,South Africa,Africa,Sub-Saharan Africa
SAMEA3353889,ERS708244,GCA_901246195.1,2014.0,ZAF,Homo sapiens,,female,17150_5#88,csf,central nervous system,-30.5595,22.9375,Streptococcus,Streptococcus pneumoniae,31003929,susceptible,susceptible,no,PATRIC;microreact,tetracycline,CLSI,broth dilution,1.0,==,mg/L,,susceptible,Streptococcus pneumoniae,ARO_0000051,https://www.ebi.ac.uk/ols4/ontologies/aro/classes/http%253A%252F%252Fpurl.obolibrary.org%252Fobo%252FARO_0000051,South Africa,Africa,Sub-Saharan Africa
SAMEA2814117,ERS566485,GCA_901246725.1,2009.0,ZAF,Homo sapiens,,male,14913_2#59,blood,blood,-30.5595,22.9375,Streptococcus,Streptococcus pneumoniae,31003929,resistant,resistant,no,PATRIC;microreact,tetracycline,CLSI,broth dilution,8.0,==,mg/L,,resistant,Streptococcus pneumoniae,ARO_0000051,https://www.ebi.ac.uk/ols4/ontologies/aro/classes/http%253A%252F%252Fpurl.obolibrary.org%252Fobo%252FARO_0000051,South Africa,Africa,Sub-Saharan Africa
SAMEA2659030,ERS509058,GCA_901247115.1,2011.0,ZAF,Homo sapiens,,male,14555_4#57,csf & blood,,-30.5595,22.9375,Streptococcus,Streptococcus pneumoniae,31003929,intermediate,resistant,no,PATRIC;microreact,tetracycline,CLSI,broth dilution,2.0,==,mg/L,,intermediate,Streptococcus pneumoniae,ARO_0000051,https://www.ebi.ac.uk/ols4/ontologies/aro/classes/http%253A%252F%252Fpurl.obolibrary.org%252Fobo%252FARO_0000051,South Africa,Africa,Sub-Saharan Africa
SAMEA2658904,ERS508932,GCA_901247385.1,2010.0,ZAF,Homo sapiens,,female,14412_2#86,csf,central nervous system,-30.5595,22.9375,Streptococcus,Streptococcus pneumoniae,31003929,intermediate,resistant,no,PATRIC;microreact,tetracycline,CLSI,broth dilution,2.0,==,mg/L,,intermediate,Streptococcus pneumoniae,ARO_0000051,https://www.ebi.ac.uk/ols4/ontologies/aro/classes/http%253A%252F%252Fpurl.obolibrary.org%252Fobo%252FARO_0000051,South Africa,Africa,Sub-Saharan Africa
SAMEA2659036,ERS509064,GCA_901247715.1,2011.0,ZAF,Homo sapiens,,male,14555_4#60,blood,blood,-30.5595,22.9375,Streptococcus,Streptococcus pneumoniae,31003929,intermediate,resistant,no,PATRIC;microreact,tetracycline,CLSI,broth dilution,2.0,==,mg/L,,intermediate,Streptococcus pneumoniae,ARO_0000051,https://www.ebi.ac.uk/ols4/ontologies/aro/classes/http%253A%252F%252Fpurl.obolibrary.org%252Fobo%252FARO_0000051,South Africa,Africa,Sub-Saharan Africa
SAMEA2298238,ERS390696,GCA_901248945.1,2012.0,ZAF,Homo sapiens,,male,12291_6#56,blood,blood,-30.5595,22.9375,Streptococcus,Streptococcus pneumoniae,31003929,intermediate,resistant,no,PATRIC;microreact,tetracycline,CLSI,broth dilution,2.0,==,mg/L,,intermediate,Streptococcus pneumoniae,ARO_0000051,https://www.ebi.ac.uk/ols4/ontologies/aro/classes/http%253A%252F%252Fpurl.obolibrary.org%252Fobo%252FARO_0000051,South Africa,Africa,Sub-Saharan Africa
SAMEA2298282,ERS390740,GCA_901248975.1,2012.0,ZAF,Homo sapiens,,male,12162_1#5,blood,blood,-30.5595,22.9375,Streptococcus,Streptococcus pneumoniae,31003929,intermediate,resistant,no,PATRIC;microreact,tetracycline,CLSI,broth dilution,2.0,==,mg/L,,intermediate,Streptococcus pneumoniae,ARO_0000051,https://www.ebi.ac.uk/ols4/ontologies/aro/classes/http%253A%252F%252Fpurl.obolibrary.org%252Fobo%252FARO_0000051,South Africa,Africa,Sub-Saharan Africa
SAMEA2298244,ERS390702,GCA_901249995.1,2012.0,ZAF,Homo sapiens,,female,12291_6#62,blood,blood,-30.5595,22.9375,Streptococcus,Streptococcus pneumoniae,31003929,intermediate,resistant,no,PATRIC;microreact,tetracycline,CLSI,broth dilution,2.0,==,mg/L,,intermediate,Streptococcus pneumoniae,ARO_0000051,https://www.ebi.ac.uk/ols4/ontologies/aro/classes/http%253A%252F%252Fpurl.obolibrary.org%252Fobo%252FARO_0000051,South Africa,Africa,Sub-Saharan Africa
SAMEA2814155,ERS566523,GCA_901250075.1,2011.0,ZAF,Homo sapiens,,female,14913_2#76,blood,blood,-30.5595,22.9375,Streptococcus,Streptococcus pneumoniae,31003929,resistant,resistant,no,PATRIC;microreact,tetracycline,CLSI,broth dilution,8.0,==,mg/L,,resistant,Streptococcus pneumoniae,ARO_0000051,https://www.ebi.ac.uk/ols4/ontologies/aro/classes/http%253A%252F%252Fpurl.obolibrary.org%252Fobo%252FARO_0000051,South Africa,Africa,Sub-Saharan Africa
SAMEA2659069,ERS509097,GCA_901250705.1,2011.0,ZAF,Homo sapiens,,female,14555_4#76,blood,blood,-30.5595,22.9375,Streptococcus,Streptococcus pneumoniae,31003929,intermediate,resistant,no,PATRIC;microreact,tetracycline,CLSI,broth dilution,2.0,==,mg/L,,intermediate,Streptococcus pneumoniae,ARO_0000051,https://www.ebi.ac.uk/ols4/ontologies/aro/classes/http%253A%252F%252Fpurl.obolibrary.org%252Fobo%252FARO_0000051,South Africa,Africa,Sub-Saharan Africa
SAMEA2298293,ERS390751,GCA_901250735.1,2012.0,ZAF,Homo sapiens,,female,12162_1#16,csf,central nervous system,-30.5595,22.9375,Streptococcus,Streptococcus pneumoniae,31003929,resistant,resistant,no,PATRIC;microreact,tetracycline,CLSI,broth dilution,8.0,==,mg/L,,resistant,Streptococcus pneumoniae,ARO_0000051,https://www.ebi.ac.uk/ols4/ontologies/aro/classes/http%253A%252F%252Fpurl.obolibrary.org%252Fobo%252FARO_0000051,South Africa,Africa,Sub-Saharan Africa
SAMEA2814168,ERS566536,GCA_901251025.1,2011.0,ZAF,Homo sapiens,,male,14913_2#82,blood,blood,-30.5595,22.9375,Streptococcus,Streptococcus pneumoniae,31003929,intermediate,resistant,no,PATRIC;microreact,tetracycline,CLSI,broth dilution,2.0,==,mg/L,,intermediate,Streptococcus pneumoniae,ARO_0000051,https://www.ebi.ac.uk/ols4/ontologies/aro/classes/http%253A%252F%252Fpurl.obolibrary.org%252Fobo%252FARO_0000051,South Africa,Africa,Sub-Saharan Africa
SAMEA2298295,ERS390753,GCA_901251085.1,2012.0,ZAF,Homo sapiens,,female,12162_1#18,blood & other,,-30.5595,22.9375,Streptococcus,Streptococcus pneumoniae,31003929,resistant,resistant,no,PATRIC;microreact,tetracycline,CLSI,broth dilution,8.0,==,mg/L,,resistant,Streptococcus pneumoniae,ARO_0000051,https://www.ebi.ac.uk/ols4/ontologies/aro/classes/http%253A%252F%252Fpurl.obolibrary.org%252Fobo%252FARO_0000051,South Africa,Africa,Sub-Saharan Africa
SAMEA2659081,ERS509109,GCA_901251955.1,2011.0,ZAF,Homo sapiens,,female,14555_4#82,csf,central nervous system,-30.5595,22.9375,Streptococcus,Streptococcus pneumoniae,31003929,intermediate,resistant,no,PATRIC;microreact,tetracycline,CLSI,broth dilution,2.0,==,mg/L,,intermediate,Streptococcus pneumoniae,ARO_0000051,https://www.ebi.ac.uk/ols4/ontologies/aro/classes/http%253A%252F%252Fpurl.obolibrary.org%252Fobo%252FARO_0000051,South Africa,Africa,Sub-Saharan Africa
SAMEA2627222,ERS497121,GCA_901252075.1,2013.0,GMB,Homo sapiens,,female,14410_4#9,blood,blood,13.4432,-15.3101,Streptococcus,Streptococcus pneumoniae,31003929,susceptible,susceptible,no,PATRIC;microreact,tetracycline,CLSI,disk diffusion,30.0,==,mm,,susceptible,Streptococcus pneumoniae,ARO_0000051,https://www.ebi.ac.uk/ols4/ontologies/aro/classes/http%253A%252F%252Fpurl.obolibrary.org%252Fobo%252FARO_0000051,Gambia,Africa,Sub-Saharan Africa
SAMEA2204073,ERS356584,GCA_901252455.1,2007.0,PER,Homo sapiens,,male,11511_8#66,blood,blood,-9.18997,-75.0152,Streptococcus,Streptococcus pneumoniae,31003929,susceptible,susceptible,no,PATRIC;microreact,tetracycline,CLSI,disk diffusion,30.5,==,mm,,susceptible,Streptococcus pneumoniae,ARO_0000051,https://www.ebi.ac.uk/ols4/ontologies/aro/classes/http%253A%252F%252Fpurl.obolibrary.org%252Fobo%252FARO_0000051,Peru,Americas,Latin America and the Caribbean
SAMEA2814389,ERS566757,GCA_901252545.1,2013.0,ZAF,Homo sapiens,,female,14936_4#84,blood,blood,-30.5595,22.9375,Streptococcus,Streptococcus pneumoniae,31003929,susceptible,susceptible,no,PATRIC;microreact,tetracycline,CLSI,broth dilution,1.0,==,mg/L,,susceptible,Streptococcus pneumoniae,ARO_0000051,https://www.ebi.ac.uk/ols4/ontologies/aro/classes/http%253A%252F%252Fpurl.obolibrary.org%252Fobo%252FARO_0000051,South Africa,Africa,Sub-Saharan Africa
SAMEA2298303,ERS390761,GCA_901252625.1,2012.0,ZAF,Homo sapiens,,female,12162_1#26,blood,blood,-30.5595,22.9375,Streptococcus,Streptococcus pneumoniae,31003929,intermediate,resistant,no,PATRIC;microreact,tetracycline,CLSI,broth dilution,2.0,==,mg/L,,intermediate,Streptococcus pneumoniae,ARO_0000051,https://www.ebi.ac.uk/ols4/ontologies/aro/classes/http%253A%252F%252Fpurl.obolibrary.org%252Fobo%252FARO_0000051,South Africa,Africa,Sub-Saharan Africa
SAMEA2554135,ERS464636,GCA_901253235.1,2009.0,ZAF,Homo sapiens,,female,13415_7#24,blood,blood,-30.5595,22.9375,Streptococcus,Streptococcus pneumoniae,31003929,resistant,resistant,no,PATRIC;microreact,tetracycline,CLSI,broth dilution,8.0,==,mg/L,,resistant,Streptococcus pneumoniae,ARO_0000051,https://www.ebi.ac.uk/ols4/ontologies/aro/classes/http%253A%252F%252Fpurl.obolibrary.org%252Fobo%252FARO_0000051,South Africa,Africa,Sub-Saharan Africa
SAMEA2627260,ERS497159,GCA_901253525.1,2013.0,GMB,Homo sapiens,,male,14410_4#19,blood,blood,13.4432,-15.3101,Streptococcus,Streptococcus pneumoniae,31003929,susceptible,susceptible,no,PATRIC;microreact,tetracycline,CLSI,disk diffusion,40.0,==,mm,,susceptible,Streptococcus pneumoniae,ARO_0000051,https://www.ebi.ac.uk/ols4/ontologies/aro/classes/http%253A%252F%252Fpurl.obolibrary.org%252Fobo%252FARO_0000051,Gambia,Africa,Sub-Saharan Africa
SAMEA2814191,ERS566559,GCA_901253535.1,2011.0,ZAF,Homo sapiens,,male,14913_2#94,csf & blood,,-30.5595,22.9375,Streptococcus,Streptococcus pneumoniae,31003929,intermediate,resistant,no,PATRIC;microreact,tetracycline,CLSI,broth dilution,2.0,==,mg/L,,intermediate,Streptococcus pneumoniae,ARO_0000051,https://www.ebi.ac.uk/ols4/ontologies/aro/classes/http%253A%252F%252Fpurl.obolibrary.org%252Fobo%252FARO_0000051,South Africa,Africa,Sub-Saharan Africa
SAMEA2298263,ERS390721,GCA_901253565.1,2012.0,ZAF,Homo sapiens,,male,12291_6#81,blood,blood,-30.5595,22.9375,Streptococcus,Streptococcus pneumoniae,31003929,intermediate,resistant,no,PATRIC;microreact,tetracycline,CLSI,broth dilution,2.0,==,mg/L,,intermediate,Streptococcus pneumoniae,ARO_0000051,https://www.ebi.ac.uk/ols4/ontologies/aro/classes/http%253A%252F%252Fpurl.obolibrary.org%252Fobo%252FARO_0000051,South Africa,Africa,Sub-Saharan Africa
SAMEA2627264,ERS497163,GCA_901253765.1,2012.0,GMB,Homo sapiens,,female,14410_4#20,lung aspirate,respiratory tract,13.4432,-15.3101,Streptococcus,Streptococcus pneumoniae,31003929,intermediate,susceptible,no,PATRIC;microreact,tetracycline,CLSI,disk diffusion,26.0,==,mm,,intermediate,Streptococcus pneumoniae,ARO_0000051,https://www.ebi.ac.uk/ols4/ontologies/aro/classes/http%253A%252F%252Fpurl.obolibrary.org%252Fobo%252FARO_0000051,Gambia,Africa,Sub-Saharan Africa
SAMEA2335919,ERS394113,GCA_901255265.1,2009.0,PER,Homo sapiens,,female,12838_1#81,np swab,respiratory tract,-9.18997,-75.0152,Streptococcus,Streptococcus pneumoniae,31003929,intermediate,susceptible,no,PATRIC;microreact,tetracycline,CLSI,disk diffusion,25.0,==,mm,,intermediate,Streptococcus pneumoniae,ARO_0000051,https://www.ebi.ac.uk/ols4/ontologies/aro/classes/http%253A%252F%252Fpurl.obolibrary.org%252Fobo%252FARO_0000051,Peru,Americas,Latin America and the Caribbean
SAMEA2336124,ERS394318,GCA_901255385.1,2009.0,USA,Homo sapiens,,,12838_1#83,blood,blood,37.0902,-95.7129,Streptococcus,Streptococcus pneumoniae,31003929,intermediate,resistant,no,PATRIC;microreact,tetracycline,CLSI,broth dilution,2.0,==,mg/L,,intermediate,Streptococcus pneumoniae,ARO_0000051,https://www.ebi.ac.uk/ols4/ontologies/aro/classes/http%253A%252F%252Fpurl.obolibrary.org%252Fobo%252FARO_0000051,United States of America,Americas,Northern America
SAMEA2298322,ERS390780,GCA_901256085.1,2012.0,ZAF,Homo sapiens,,male,12162_1#45,csf,central nervous system,-30.5595,22.9375,Streptococcus,Streptococcus pneumoniae,31003929,resistant,resistant,no,PATRIC;microreact,tetracycline,CLSI,broth dilution,8.0,==,mg/L,,resistant,Streptococcus pneumoniae,ARO_0000051,https://www.ebi.ac.uk/ols4/ontologies/aro/classes/http%253A%252F%252Fpurl.obolibrary.org%252Fobo%252FARO_0000051,South Africa,Africa,Sub-Saharan Africa
SAMEA2627389,ERS497288,GCA_901256495.1,2012.0,GMB,Homo sapiens,,male,14410_4#46,blood,blood,13.4432,-15.3101,Streptococcus,Streptococcus pneumoniae,31003929,resistant,resistant,no,PATRIC;microreact,tetracycline,CLSI,disk diffusion,7.0,==,mm,,resistant,Streptococcus pneumoniae,ARO_0000051,https://www.ebi.ac.uk/ols4/ontologies/aro/classes/http%253A%252F%252Fpurl.obolibrary.org%252Fobo%252FARO_0000051,Gambia,Africa,Sub-Saharan Africa
SAMEA2467430,ERS437187,GCA_901257945.1,2009.0,PER,Homo sapiens,,male,13091_5#77,np swab,respiratory tract,-9.18997,-75.0152,Streptococcus,Streptococcus pneumoniae,31003929,resistant,resistant,no,PATRIC;microreact,tetracycline,CLSI,disk diffusion,9.0,==,mm,,resistant,Streptococcus pneumoniae,ARO_0000051,https://www.ebi.ac.uk/ols4/ontologies/aro/classes/http%253A%252F%252Fpurl.obolibrary.org%252Fobo%252FARO_0000051,Peru,Americas,Latin America and the Caribbean
SAMEA2627478,ERS497377,GCA_901258145.1,2012.0,GMB,Homo sapiens,,male,14410_4#70,blood,blood,13.4432,-15.3101,Streptococcus,Streptococcus pneumoniae,31003929,intermediate,susceptible,no,PATRIC;microreact,tetracycline,CLSI,disk diffusion,27.0,==,mm,,intermediate,Streptococcus pneumoniae,ARO_0000051,https://www.ebi.ac.uk/ols4/ontologies/aro/classes/http%253A%252F%252Fpurl.obolibrary.org%252Fobo%252FARO_0000051,Gambia,Africa,Sub-Saharan Africa
SAMEA2813948,ERS566316,GCA_901258425.1,2011.0,ZAF,Homo sapiens,,female,14913_3#23,blood,blood,-30.5595,22.9375,Streptococcus,Streptococcus pneumoniae,31003929,intermediate,resistant,no,PATRIC;microreact,tetracycline,CLSI,broth dilution,2.0,==,mg/L,,intermediate,Streptococcus pneumoniae,ARO_0000051,https://www.ebi.ac.uk/ols4/ontologies/aro/classes/http%253A%252F%252Fpurl.obolibrary.org%252Fobo%252FARO_0000051,South Africa,Africa,Sub-Saharan Africa
SAMEA2298334,ERS390792,GCA_901258475.1,2012.0,ZAF,Homo sapiens,,male,12162_1#57,blood,blood,-30.5595,22.9375,Streptococcus,Streptococcus pneumoniae,31003929,intermediate,resistant,no,PATRIC;microreact,tetracycline,CLSI,broth dilution,2.0,==,mg/L,,intermediate,Streptococcus pneumoniae,ARO_0000051,https://www.ebi.ac.uk/ols4/ontologies/aro/classes/http%253A%252F%252Fpurl.obolibrary.org%252Fobo%252FARO_0000051,South Africa,Africa,Sub-Saharan Africa
SAMEA2658573,ERS508601,GCA_901258505.1,2009.0,ZAF,Homo sapiens,,male,14566_4#20,blood,blood,-30.5595,22.9375,Streptococcus,Streptococcus pneumoniae,31003929,intermediate,resistant,no,PATRIC;microreact,tetracycline,CLSI,broth dilution,2.0,==,mg/L,,intermediate,Streptococcus pneumoniae,ARO_0000051,https://www.ebi.ac.uk/ols4/ontologies/aro/classes/http%253A%252F%252Fpurl.obolibrary.org%252Fobo%252FARO_0000051,South Africa,Africa,Sub-Saharan Africa
SAMEA2298337,ERS390795,GCA_901259005.1,2012.0,ZAF,Homo sapiens,,female,12162_1#60,csf & blood,,-30.5595,22.9375,Streptococcus,Streptococcus pneumoniae,31003929,intermediate,resistant,no,PATRIC;microreact,tetracycline,CLSI,broth dilution,2.0,==,mg/L,,intermediate,Streptococcus pneumoniae,ARO_0000051,https://www.ebi.ac.uk/ols4/ontologies/aro/classes/http%253A%252F%252Fpurl.obolibrary.org%252Fobo%252FARO_0000051,South Africa,Africa,Sub-Saharan Africa
SAMEA2298338,ERS390796,GCA_901259215.1,2012.0,ZAF,Homo sapiens,,male,12162_1#61,blood,blood,-30.5595,22.9375,Streptococcus,Streptococcus pneumoniae,31003929,intermediate,resistant,no,PATRIC;microreact,tetracycline,CLSI,broth dilution,2.0,==,mg/L,,intermediate,Streptococcus pneumoniae,ARO_0000051,https://www.ebi.ac.uk/ols4/ontologies/aro/classes/http%253A%252F%252Fpurl.obolibrary.org%252Fobo%252FARO_0000051,South Africa,Africa,Sub-Saharan Africa
SAMEA2813957,ERS566325,GCA_901260285.1,2011.0,ZAF,Homo sapiens,,male,14913_3#32,blood,blood,-30.5595,22.9375,Streptococcus,Streptococcus pneumoniae,31003929,intermediate,resistant,no,PATRIC;microreact,tetracycline,CLSI,broth dilution,2.0,==,mg/L,,intermediate,Streptococcus pneumoniae,ARO_0000051,https://www.ebi.ac.uk/ols4/ontologies/aro/classes/http%253A%252F%252Fpurl.obolibrary.org%252Fobo%252FARO_0000051,South Africa,Africa,Sub-Saharan Africa
SAMEA2336153,ERS394347,GCA_901260355.1,2009.0,USA,Homo sapiens,,,12299_1#41,blood,blood,37.0902,-95.7129,Streptococcus,Streptococcus pneumoniae,31003929,resistant,resistant,no,PATRIC;microreact,tetracycline,CLSI,broth dilution,8.0,==,mg/L,,resistant,Streptococcus pneumoniae,ARO_0000051,https://www.ebi.ac.uk/ols4/ontologies/aro/classes/http%253A%252F%252Fpurl.obolibrary.org%252Fobo%252FARO_0000051,United States of America,Americas,Northern America
SAMEA2658587,ERS508615,GCA_901260785.1,2009.0,ZAF,Homo sapiens,,male,14566_4#32,csf & blood,,-30.5595,22.9375,Streptococcus,Streptococcus pneumoniae,31003929,resistant,resistant,no,PATRIC;microreact,tetracycline,CLSI,broth dilution,8.0,==,mg/L,,resistant,Streptococcus pneumoniae,ARO_0000051,https://www.ebi.ac.uk/ols4/ontologies/aro/classes/http%253A%252F%252Fpurl.obolibrary.org%252Fobo%252FARO_0000051,South Africa,Africa,Sub-Saharan Africa
SAMEA2796692,ERS558303,GCA_901261035.1,2002.0,USA,Homo sapiens,,,14673_3#94,blood,blood,37.0902,-95.7129,Streptococcus,Streptococcus pneumoniae,31003929,resistant,resistant,no,PATRIC;microreact,tetracycline,CLSI,broth dilution,8.0,==,mg/L,,resistant,Streptococcus pneumoniae,ARO_0000051,https://www.ebi.ac.uk/ols4/ontologies/aro/classes/http%253A%252F%252Fpurl.obolibrary.org%252Fobo%252FARO_0000051,United States of America,Americas,Northern America
SAMEA2336165,ERS394359,GCA_901262045.1,2009.0,USA,Homo sapiens,,,12299_1#53,blood,blood,37.0902,-95.7129,Streptococcus,Streptococcus pneumoniae,31003929,intermediate,resistant,no,PATRIC;microreact,tetracycline,CLSI,broth dilution,2.0,==,mg/L,,intermediate,Streptococcus pneumoniae,ARO_0000051,https://www.ebi.ac.uk/ols4/ontologies/aro/classes/http%253A%252F%252Fpurl.obolibrary.org%252Fobo%252FARO_0000051,United States of America,Americas,Northern America
SAMEA2298353,ERS390811,GCA_901262105.1,2012.0,ZAF,Homo sapiens,,male,12162_1#76,csf,central nervous system,-30.5595,22.9375,Streptococcus,Streptococcus pneumoniae,31003929,intermediate,resistant,no,PATRIC;microreact,tetracycline,CLSI,broth dilution,2.0,==,mg/L,,intermediate,Streptococcus pneumoniae,ARO_0000051,https://www.ebi.ac.uk/ols4/ontologies/aro/classes/http%253A%252F%252Fpurl.obolibrary.org%252Fobo%252FARO_0000051,South Africa,Africa,Sub-Saharan Africa
SAMEA2336172,ERS394366,GCA_901262875.1,2009.0,USA,Homo sapiens,,,12299_1#60,blood,blood,37.0902,-95.7129,Streptococcus,Streptococcus pneumoniae,31003929,resistant,resistant,no,PATRIC;microreact,tetracycline,CLSI,broth dilution,8.0,==,mg/L,,resistant,Streptococcus pneumoniae,ARO_0000051,https://www.ebi.ac.uk/ols4/ontologies/aro/classes/http%253A%252F%252Fpurl.obolibrary.org%252Fobo%252FARO_0000051,United States of America,Americas,Northern America
SAMEA3176058,ERS629006,GCA_901263635.1,2010.0,POL,Homo sapiens,,female,15682_1#63,blood,blood,51.9194,19.1451,Streptococcus,Streptococcus pneumoniae,31003929,susceptible,susceptible,no,PATRIC;microreact,tetracycline,CLSI,disk diffusion,33.0,==,mm,,susceptible,Streptococcus pneumoniae,ARO_0000051,https://www.ebi.ac.uk/ols4/ontologies/aro/classes/http%253A%252F%252Fpurl.obolibrary.org%252Fobo%252FARO_0000051,Poland,Europe,Eastern Europe
SAMEA2298363,ERS390821,GCA_901263965.1,2012.0,ZAF,Homo sapiens,,female,12162_1#86,blood,blood,-30.5595,22.9375,Streptococcus,Streptococcus pneumoniae,31003929,resistant,resistant,no,PATRIC;microreact,tetracycline,CLSI,broth dilution,8.0,==,mg/L,,resistant,Streptococcus pneumoniae,ARO_0000051,https://www.ebi.ac.uk/ols4/ontologies/aro/classes/http%253A%252F%252Fpurl.obolibrary.org%252Fobo%252FARO_0000051,South Africa,Africa,Sub-Saharan Africa
SAMEA2336182,ERS394376,GCA_901264075.1,2009.0,USA,Homo sapiens,,,12299_1#70,blood,blood,37.0902,-95.7129,Streptococcus,Streptococcus pneumoniae,31003929,resistant,resistant,no,PATRIC;microreact,tetracycline,CLSI,broth dilution,8.0,==,mg/L,,resistant,Streptococcus pneumoniae,ARO_0000051,https://www.ebi.ac.uk/ols4/ontologies/aro/classes/http%253A%252F%252Fpurl.obolibrary.org%252Fobo%252FARO_0000051,United States of America,Americas,Northern America
SAMEA3176063,ERS629011,GCA_901264205.1,2010.0,POL,Homo sapiens,,male,15682_1#66,blood,blood,51.9194,19.1451,Streptococcus,Streptococcus pneumoniae,31003929,intermediate,susceptible,no,PATRIC;microreact,tetracycline,CLSI,disk diffusion,27.0,==,mm,,intermediate,Streptococcus pneumoniae,ARO_0000051,https://www.ebi.ac.uk/ols4/ontologies/aro/classes/http%253A%252F%252Fpurl.obolibrary.org%252Fobo%252FARO_0000051,Poland,Europe,Eastern Europe
SAMEA2554197,ERS464698,GCA_901264805.1,2009.0,ZAF,Homo sapiens,,female,13415_7#86,blood,blood,-30.5595,22.9375,Streptococcus,Streptococcus pneumoniae,31003929,intermediate,resistant,no,PATRIC;microreact,tetracycline,CLSI,broth dilution,2.0,==,mg/L,,intermediate,Streptococcus pneumoniae,ARO_0000051,https://www.ebi.ac.uk/ols4/ontologies/aro/classes/http%253A%252F%252Fpurl.obolibrary.org%252Fobo%252FARO_0000051,South Africa,Africa,Sub-Saharan Africa
SAMEA3176068,ERS629016,GCA_901264975.1,2010.0,POL,Homo sapiens,,female,15682_1#70,blood,blood,51.9194,19.1451,Streptococcus,Streptococcus pneumoniae,31003929,susceptible,susceptible,no,PATRIC;microreact,tetracycline,CLSI,disk diffusion,30.0,==,mm,,susceptible,Streptococcus pneumoniae,ARO_0000051,https://www.ebi.ac.uk/ols4/ontologies/aro/classes/http%253A%252F%252Fpurl.obolibrary.org%252Fobo%252FARO_0000051,Poland,Europe,Eastern Europe
SAMEA2627298,ERS497197,GCA_901265845.1,2010.0,GMB,Homo sapiens,,female,14410_5#31,,,13.4432,-15.3101,Streptococcus,Streptococcus pneumoniae,31003929,susceptible,susceptible,no,PATRIC;microreact,tetracycline,CLSI,disk diffusion,32.0,==,mm,,susceptible,Streptococcus pneumoniae,ARO_0000051,https://www.ebi.ac.uk/ols4/ontologies/aro/classes/http%253A%252F%252Fpurl.obolibrary.org%252Fobo%252FARO_0000051,Gambia,Africa,Sub-Saharan Africa
SAMEA2814033,ERS566401,GCA_901266025.1,2011.0,ZAF,Homo sapiens,,female,14913_3#63,blood,blood,-30.5595,22.9375,Streptococcus,Streptococcus pneumoniae,31003929,intermediate,resistant,no,PATRIC;microreact,tetracycline,CLSI,broth dilution,2.0,==,mg/L,,intermediate,Streptococcus pneumoniae,ARO_0000051,https://www.ebi.ac.uk/ols4/ontologies/aro/classes/http%253A%252F%252Fpurl.obolibrary.org%252Fobo%252FARO_0000051,South Africa,Africa,Sub-Saharan Africa
SAMEA3176081,ERS629029,GCA_901266555.1,2011.0,POL,Homo sapiens,,male,15682_1#79,csf,central nervous system,51.9194,19.1451,Streptococcus,Streptococcus pneumoniae,31003929,resistant,resistant,no,PATRIC;microreact,tetracycline,CLSI,disk diffusion,10.0,==,mm,,resistant,Streptococcus pneumoniae,ARO_0000051,https://www.ebi.ac.uk/ols4/ontologies/aro/classes/http%253A%252F%252Fpurl.obolibrary.org%252Fobo%252FARO_0000051,Poland,Europe,Eastern Europe
SAMEA2627402,ERS497301,GCA_901268905.1,2013.0,GMB,Homo sapiens,,male,14410_5#58,blood,blood,13.4432,-15.3101,Streptococcus,Streptococcus pneumoniae,31003929,resistant,resistant,no,PATRIC;microreact,tetracycline,CLSI,disk diffusion,11.0,==,mm,,resistant,Streptococcus pneumoniae,ARO_0000051,https://www.ebi.ac.uk/ols4/ontologies/aro/classes/http%253A%252F%252Fpurl.obolibrary.org%252Fobo%252FARO_0000051,Gambia,Africa,Sub-Saharan Africa
SAMEA3176120,ERS629068,GCA_901270505.1,2011.0,POL,Homo sapiens,,male,15682_2#5,blood,blood,51.9194,19.1451,Streptococcus,Streptococcus pneumoniae,31003929,susceptible,susceptible,no,PATRIC;microreact,tetracycline,CLSI,disk diffusion,29.0,==,mm,,susceptible,Streptococcus pneumoniae,ARO_0000051,https://www.ebi.ac.uk/ols4/ontologies/aro/classes/http%253A%252F%252Fpurl.obolibrary.org%252Fobo%252FARO_0000051,Poland,Europe,Eastern Europe
SAMEA2814110,ERS566478,GCA_901270645.1,2011.0,ZAF,Homo sapiens,,male,14913_3#87,blood,blood,-30.5595,22.9375,Streptococcus,Streptococcus pneumoniae,31003929,intermediate,resistant,no,PATRIC;microreact,tetracycline,CLSI,broth dilution,2.0,==,mg/L,,intermediate,Streptococcus pneumoniae,ARO_0000051,https://www.ebi.ac.uk/ols4/ontologies/aro/classes/http%253A%252F%252Fpurl.obolibrary.org%252Fobo%252FARO_0000051,South Africa,Africa,Sub-Saharan Africa
SAMEA3354263,ERS708618,GCA_901272455.1,2014.0,ZAF,Homo sapiens,,female,17138_3#3,blood,blood,-30.5595,22.9375,Streptococcus,Streptococcus pneumoniae,31003929,resistant,resistant,no,PATRIC;microreact,tetracycline,CLSI,broth dilution,8.0,==,mg/L,,resistant,Streptococcus pneumoniae,ARO_0000051,https://www.ebi.ac.uk/ols4/ontologies/aro/classes/http%253A%252F%252Fpurl.obolibrary.org%252Fobo%252FARO_0000051,South Africa,Africa,Sub-Saharan Africa
SAMEA2658588,ERS508616,GCA_901272945.1,2010.0,ZAF,Homo sapiens,,male,14566_5#1,blood,blood,-30.5595,22.9375,Streptococcus,Streptococcus pneumoniae,31003929,intermediate,resistant,no,PATRIC;microreact,tetracycline,CLSI,broth dilution,2.0,==,mg/L,,intermediate,Streptococcus pneumoniae,ARO_0000051,https://www.ebi.ac.uk/ols4/ontologies/aro/classes/http%253A%252F%252Fpurl.obolibrary.org%252Fobo%252FARO_0000051,South Africa,Africa,Sub-Saharan Africa
SAMEA3354271,ERS708626,GCA_901273195.1,2014.0,ZAF,Homo sapiens,,female,17138_3#7,csf & blood,,-30.5595,22.9375,Streptococcus,Streptococcus pneumoniae,31003929,susceptible,susceptible,no,PATRIC;microreact,tetracycline,CLSI,broth dilution,1.0,==,mg/L,,susceptible,Streptococcus pneumoniae,ARO_0000051,https://www.ebi.ac.uk/ols4/ontologies/aro/classes/http%253A%252F%252Fpurl.obolibrary.org%252Fobo%252FARO_0000051,South Africa,Africa,Sub-Saharan Africa
SAMEA2521870,ERS455410,GCA_901273555.1,2004.0,USA,Homo sapiens,,,13414_4#34,blood,blood,37.0902,-95.7129,Streptococcus,Streptococcus pneumoniae,31003929,resistant,resistant,no,PATRIC;microreact,tetracycline,CLSI,broth dilution,8.0,==,mg/L,,resistant,Streptococcus pneumoniae,ARO_0000051,https://www.ebi.ac.uk/ols4/ontologies/aro/classes/http%253A%252F%252Fpurl.obolibrary.org%252Fobo%252FARO_0000051,United States of America,Americas,Northern America
SAMEA2204139,ERS356650,GCA_901275675.1,2008.0,PER,Homo sapiens,,female,11657_4#85,blood,blood,-9.18997,-75.0152,Streptococcus,Streptococcus pneumoniae,31003929,resistant,resistant,no,PATRIC;microreact,tetracycline,CLSI,disk diffusion,13.0,==,mm,,resistant,Streptococcus pneumoniae,ARO_0000051,https://www.ebi.ac.uk/ols4/ontologies/aro/classes/http%253A%252F%252Fpurl.obolibrary.org%252Fobo%252FARO_0000051,Peru,Americas,Latin America and the Caribbean
SAMEA2658630,ERS508658,GCA_901275745.1,2010.0,ZAF,Homo sapiens,,male,14566_5#15,csf & blood,,-30.5595,22.9375,Streptococcus,Streptococcus pneumoniae,31003929,intermediate,resistant,no,PATRIC;microreact,tetracycline,CLSI,broth dilution,2.0,==,mg/L,,intermediate,Streptococcus pneumoniae,ARO_0000051,https://www.ebi.ac.uk/ols4/ontologies/aro/classes/http%253A%252F%252Fpurl.obolibrary.org%252Fobo%252FARO_0000051,South Africa,Africa,Sub-Saharan Africa
SAMEA2814048,ERS566416,GCA_901276195.1,2012.0,ZAF,Homo sapiens,,male,14913_4#23,blood,blood,-30.5595,22.9375,Streptococcus,Streptococcus pneumoniae,31003929,intermediate,resistant,no,PATRIC;microreact,tetracycline,CLSI,broth dilution,2.0,==,mg/L,,intermediate,Streptococcus pneumoniae,ARO_0000051,https://www.ebi.ac.uk/ols4/ontologies/aro/classes/http%253A%252F%252Fpurl.obolibrary.org%252Fobo%252FARO_0000051,South Africa,Africa,Sub-Saharan Africa
SAMEA2554266,ERS464767,GCA_901276365.1,2010.0,ZAF,Homo sapiens,,male,13415_8#59,blood,blood,-30.5595,22.9375,Streptococcus,Streptococcus pneumoniae,31003929,intermediate,resistant,no,PATRIC;microreact,tetracycline,CLSI,broth dilution,2.0,==,mg/L,,intermediate,Streptococcus pneumoniae,ARO_0000051,https://www.ebi.ac.uk/ols4/ontologies/aro/classes/http%253A%252F%252Fpurl.obolibrary.org%252Fobo%252FARO_0000051,South Africa,Africa,Sub-Saharan Africa
SAMEA2554292,ERS464793,GCA_901277915.1,2009.0,ZAF,Homo sapiens,,female,13415_8#85,blood,blood,-30.5595,22.9375,Streptococcus,Streptococcus pneumoniae,31003929,intermediate,resistant,no,PATRIC;microreact,tetracycline,CLSI,broth dilution,2.0,==,mg/L,,intermediate,Streptococcus pneumoniae,ARO_0000051,https://www.ebi.ac.uk/ols4/ontologies/aro/classes/http%253A%252F%252Fpurl.obolibrary.org%252Fobo%252FARO_0000051,South Africa,Africa,Sub-Saharan Africa
SAMEA2554298,ERS464799,GCA_901278135.1,2010.0,ZAF,Homo sapiens,,male,13415_8#91,blood,blood,-30.5595,22.9375,Streptococcus,Streptococcus pneumoniae,31003929,intermediate,resistant,no,PATRIC;microreact,tetracycline,CLSI,broth dilution,2.0,==,mg/L,,intermediate,Streptococcus pneumoniae,ARO_0000051,https://www.ebi.ac.uk/ols4/ontologies/aro/classes/http%253A%252F%252Fpurl.obolibrary.org%252Fobo%252FARO_0000051,South Africa,Africa,Sub-Saharan Africa
SAMEA2696508,ERS525087,GCA_901280285.1,2011.0,TGO,Homo sapiens,,male,14520_6#51,csf,central nervous system,13.4432,-15.3101,Streptococcus,Streptococcus pneumoniae,31003929,resistant,resistant,no,PATRIC;microreact,tetracycline,CLSI,disk diffusion,10.0,==,mm,,resistant,Streptococcus pneumoniae,ARO_0000051,https://www.ebi.ac.uk/ols4/ontologies/aro/classes/http%253A%252F%252Fpurl.obolibrary.org%252Fobo%252FARO_0000051,Togo,Africa,Sub-Saharan Africa
SAMEA2696514,ERS525093,GCA_901280395.1,2012.0,SEN,Homo sapiens,,male,14520_6#54,csf,central nervous system,13.4432,-15.3101,Streptococcus,Streptococcus pneumoniae,31003929,resistant,resistant,no,PATRIC;microreact,tetracycline,CLSI,disk diffusion,15.0,==,mm,,resistant,Streptococcus pneumoniae,ARO_0000051,https://www.ebi.ac.uk/ols4/ontologies/aro/classes/http%253A%252F%252Fpurl.obolibrary.org%252Fobo%252FARO_0000051,Senegal,Africa,Sub-Saharan Africa
SAMEA2696516,ERS525095,GCA_901280455.1,2012.0,SEN,Homo sapiens,,female,14520_6#55,csf,central nervous system,13.4432,-15.3101,Streptococcus,Streptococcus pneumoniae,31003929,resistant,resistant,no,PATRIC;microreact,tetracycline,CLSI,disk diffusion,16.0,==,mm,,resistant,Streptococcus pneumoniae,ARO_0000051,https://www.ebi.ac.uk/ols4/ontologies/aro/classes/http%253A%252F%252Fpurl.obolibrary.org%252Fobo%252FARO_0000051,Senegal,Africa,Sub-Saharan Africa
SAMEA2696533,ERS525112,GCA_901280525.1,2012.0,SEN,Homo sapiens,,male,14520_6#63,pus,skin or soft tissue,13.4432,-15.3101,Streptococcus,Streptococcus pneumoniae,31003929,intermediate,susceptible,no,PATRIC;microreact,tetracycline,CLSI,disk diffusion,26.0,==,mm,,intermediate,Streptococcus pneumoniae,ARO_0000051,https://www.ebi.ac.uk/ols4/ontologies/aro/classes/http%253A%252F%252Fpurl.obolibrary.org%252Fobo%252FARO_0000051,Senegal,Africa,Sub-Saharan Africa
SAMEA2696535,ERS525114,GCA_901280615.1,2010.0,SEN,Homo sapiens,,male,14520_6#64,csf,central nervous system,13.4432,-15.3101,Streptococcus,Streptococcus pneumoniae,31003929,resistant,resistant,no,PATRIC;microreact,tetracycline,CLSI,disk diffusion,13.0,==,mm,,resistant,Streptococcus pneumoniae,ARO_0000051,https://www.ebi.ac.uk/ols4/ontologies/aro/classes/http%253A%252F%252Fpurl.obolibrary.org%252Fobo%252FARO_0000051,Senegal,Africa,Sub-Saharan Africa
SAMEA2554371,ERS464872,GCA_901280935.1,2010.0,ZAF,Homo sapiens,,female,13470_1#68,csf,central nervous system,-30.5595,22.9375,Streptococcus,Streptococcus pneumoniae,31003929,resistant,resistant,no,PATRIC;microreact,tetracycline,CLSI,broth dilution,8.0,==,mg/L,,resistant,Streptococcus pneumoniae,ARO_0000051,https://www.ebi.ac.uk/ols4/ontologies/aro/classes/http%253A%252F%252Fpurl.obolibrary.org%252Fobo%252FARO_0000051,South Africa,Africa,Sub-Saharan Africa
SAMEA2696566,ERS525145,GCA_901280945.1,2012.0,SEN,Homo sapiens,,female,14520_6#89,csf,central nervous system,13.4432,-15.3101,Streptococcus,Streptococcus pneumoniae,31003929,susceptible,susceptible,no,PATRIC;microreact,tetracycline,CLSI,disk diffusion,31.0,==,mm,,susceptible,Streptococcus pneumoniae,ARO_0000051,https://www.ebi.ac.uk/ols4/ontologies/aro/classes/http%253A%252F%252Fpurl.obolibrary.org%252Fobo%252FARO_0000051,Senegal,Africa,Sub-Saharan Africa
SAMEA2521754,ERS455294,GCA_901282225.1,2012.0,USA,Homo sapiens,,,13710_1#5,blood,blood,37.0902,-95.7129,Streptococcus,Streptococcus pneumoniae,31003929,resistant,resistant,no,PATRIC;microreact,tetracycline,CLSI,broth dilution,8.0,==,mg/L,,resistant,Streptococcus pneumoniae,ARO_0000051,https://www.ebi.ac.uk/ols4/ontologies/aro/classes/http%253A%252F%252Fpurl.obolibrary.org%252Fobo%252FARO_0000051,United States of America,Americas,Northern America
SAMEA2521776,ERS455316,GCA_901282735.1,2012.0,USA,Homo sapiens,,,13710_1#17,blood,blood,37.0902,-95.7129,Streptococcus,Streptococcus pneumoniae,31003929,susceptible,susceptible,no,PATRIC;microreact,tetracycline,CLSI,broth dilution,0.25,==,mg/L,,susceptible,Streptococcus pneumoniae,ARO_0000051,https://www.ebi.ac.uk/ols4/ontologies/aro/classes/http%253A%252F%252Fpurl.obolibrary.org%252Fobo%252FARO_0000051,United States of America,Americas,Northern America
SAMEA2521467,ERS455007,GCA_901283845.1,2009.0,USA,Homo sapiens,,,13710_1#49,blood,blood,37.0902,-95.7129,Streptococcus,Streptococcus pneumoniae,31003929,resistant,resistant,no,PATRIC;microreact,tetracycline,CLSI,broth dilution,8.0,==,mg/L,,resistant,Streptococcus pneumoniae,ARO_0000051,https://www.ebi.ac.uk/ols4/ontologies/aro/classes/http%253A%252F%252Fpurl.obolibrary.org%252Fobo%252FARO_0000051,United States of America,Americas,Northern America
SAMEA2521484,ERS455024,GCA_901284035.1,2009.0,USA,Homo sapiens,,,13710_1#54,blood,blood,37.0902,-95.7129,Streptococcus,Streptococcus pneumoniae,31003929,intermediate,resistant,no,PATRIC;microreact,tetracycline,CLSI,broth dilution,2.0,==,mg/L,,intermediate,Streptococcus pneumoniae,ARO_0000051,https://www.ebi.ac.uk/ols4/ontologies/aro/classes/http%253A%252F%252Fpurl.obolibrary.org%252Fobo%252FARO_0000051,United States of America,Americas,Northern America
SAMEA3431420,ERS740705,GCA_901284745.1,2010.0,QAT,Homo sapiens,,male,18090_1#128,blood,blood,25.3548,51.1839,Streptococcus,Streptococcus pneumoniae,31003929,intermediate,resistant,no,PATRIC;microreact,tetracycline,CLSI,broth dilution,2.0,<,mg/L,,susceptible,Streptococcus pneumoniae,ARO_0000051,https://www.ebi.ac.uk/ols4/ontologies/aro/classes/http%253A%252F%252Fpurl.obolibrary.org%252Fobo%252FARO_0000051,Qatar,Asia,Western Asia
SAMEA104035322,ERS1699215,GCA_901286305.1,2010.0,ISR,Homo sapiens,,female,22841_4#2,blood,blood,31.0461,34.8516,Streptococcus,Streptococcus pneumoniae,31003929,susceptible,susceptible,no,microreact,tetracycline,CLSI,disk diffusion,29.0,==,mm,,susceptible,Streptococcus pneumoniae,ARO_0000051,https://www.ebi.ac.uk/ols4/ontologies/aro/classes/http%253A%252F%252Fpurl.obolibrary.org%252Fobo%252FARO_0000051,Israel,Asia,Western Asia
SAMEA104035337,ERS1699230,GCA_901286895.1,2011.0,ISR,Homo sapiens,,female,22841_4#31,blood,blood,31.0461,34.8516,Streptococcus,Streptococcus pneumoniae,31003929,susceptible,susceptible,no,PATRIC;microreact,tetracycline,CLSI,disk diffusion,35.0,==,mm,,susceptible,Streptococcus pneumoniae,ARO_0000051,https://www.ebi.ac.uk/ols4/ontologies/aro/classes/http%253A%252F%252Fpurl.obolibrary.org%252Fobo%252FARO_0000051,Israel,Asia,Western Asia
SAMEA104035350,ERS1699243,GCA_901287145.1,2011.0,ISR,Homo sapiens,,female,22841_4#44,blood,blood,31.0461,34.8516,Streptococcus,Streptococcus pneumoniae,31003929,susceptible,susceptible,no,PATRIC;microreact,tetracycline,CLSI,disk diffusion,28.0,==,mm,,susceptible,Streptococcus pneumoniae,ARO_0000051,https://www.ebi.ac.uk/ols4/ontologies/aro/classes/http%253A%252F%252Fpurl.obolibrary.org%252Fobo%252FARO_0000051,Israel,Asia,Western Asia
SAMEA104035377,ERS1699270,GCA_901287625.1,2012.0,ISR,Homo sapiens,,male,22841_4#71,blood,blood,31.0461,34.8516,Streptococcus,Streptococcus pneumoniae,31003929,resistant,resistant,no,PATRIC;microreact,tetracycline,CLSI,disk diffusion,22.0,==,mm,,resistant,Streptococcus pneumoniae,ARO_0000051,https://www.ebi.ac.uk/ols4/ontologies/aro/classes/http%253A%252F%252Fpurl.obolibrary.org%252Fobo%252FARO_0000051,Israel,Asia,Western Asia
SAMEA3354044,ERS708399,GCA_901287675.1,2014.0,ZAF,Homo sapiens,,female,18090_5#43,blood,blood,-30.5595,22.9375,Streptococcus,Streptococcus pneumoniae,31003929,susceptible,susceptible,no,PATRIC;microreact,tetracycline,CLSI,broth dilution,1.0,==,mg/L,,susceptible,Streptococcus pneumoniae,ARO_0000051,https://www.ebi.ac.uk/ols4/ontologies/aro/classes/http%253A%252F%252Fpurl.obolibrary.org%252Fobo%252FARO_0000051,South Africa,Africa,Sub-Saharan Africa
SAMEA104035384,ERS1699277,GCA_901287855.1,2012.0,ISR,Homo sapiens,,female,22841_4#78,blood,blood,31.0461,34.8516,Streptococcus,Streptococcus pneumoniae,31003929,resistant,resistant,no,PATRIC;microreact,tetracycline,CLSI,disk diffusion,24.0,==,mm,,resistant,Streptococcus pneumoniae,ARO_0000051,https://www.ebi.ac.uk/ols4/ontologies/aro/classes/http%253A%252F%252Fpurl.obolibrary.org%252Fobo%252FARO_0000051,Israel,Asia,Western Asia
SAMEA104035130,ERS1699023,GCA_901290595.1,2010.0,ISR,Homo sapiens,,female,22667_7#134,csf,central nervous system,31.0461,34.8516,Streptococcus,Streptococcus pneumoniae,31003929,resistant,resistant,no,PATRIC;microreact,tetracycline,CLSI,disk diffusion,12.0,==,mm,,resistant,Streptococcus pneumoniae,ARO_0000051,https://www.ebi.ac.uk/ols4/ontologies/aro/classes/http%253A%252F%252Fpurl.obolibrary.org%252Fobo%252FARO_0000051,Israel,Asia,Western Asia
SAMEA3714347,ERS1021496,GCA_901291655.1,2009.0,PER,Homo sapiens,,female,19084_8#10,np swab,respiratory tract,-9.18997,-75.0152,Streptococcus,Streptococcus pneumoniae,31003929,intermediate,susceptible,no,PATRIC;microreact,tetracycline,CLSI,disk diffusion,25.0,==,mm,,intermediate,Streptococcus pneumoniae,ARO_0000051,https://www.ebi.ac.uk/ols4/ontologies/aro/classes/http%253A%252F%252Fpurl.obolibrary.org%252Fobo%252FARO_0000051,Peru,Americas,Latin America and the Caribbean
SAMEA3714352,ERS1021501,GCA_901292005.1,2009.0,PER,Homo sapiens,,male,19084_8#15,np swab,respiratory tract,-9.18997,-75.0152,Streptococcus,Streptococcus pneumoniae,31003929,intermediate,susceptible,no,PATRIC;microreact,tetracycline,CLSI,disk diffusion,25.0,==,mm,,intermediate,Streptococcus pneumoniae,ARO_0000051,https://www.ebi.ac.uk/ols4/ontologies/aro/classes/http%253A%252F%252Fpurl.obolibrary.org%252Fobo%252FARO_0000051,Peru,Americas,Latin America and the Caribbean
SAMEA3714355,ERS1021504,GCA_901292225.1,2009.0,PER,Homo sapiens,,female,19084_8#18,np swab,respiratory tract,-9.18997,-75.0152,Streptococcus,Streptococcus pneumoniae,31003929,resistant,resistant,no,PATRIC;microreact,tetracycline,CLSI,disk diffusion,9.0,==,mm,,resistant,Streptococcus pneumoniae,ARO_0000051,https://www.ebi.ac.uk/ols4/ontologies/aro/classes/http%253A%252F%252Fpurl.obolibrary.org%252Fobo%252FARO_0000051,Peru,Americas,Latin America and the Caribbean
SAMEA3714255,ERS1021404,GCA_901292255.1,2007.0,PER,Homo sapiens,,female,19084_7#102,np swab,respiratory tract,-9.18997,-75.0152,Streptococcus,Streptococcus pneumoniae,31003929,intermediate,susceptible,no,PATRIC;microreact,tetracycline,CLSI,disk diffusion,27.0,==,mm,,intermediate,Streptococcus pneumoniae,ARO_0000051,https://www.ebi.ac.uk/ols4/ontologies/aro/classes/http%253A%252F%252Fpurl.obolibrary.org%252Fobo%252FARO_0000051,Peru,Americas,Latin America and the Caribbean
SAMEA3714259,ERS1021408,GCA_901292485.1,2008.0,PER,Homo sapiens,,female,19084_7#106,np swab,respiratory tract,-9.18997,-75.0152,Streptococcus,Streptococcus pneumoniae,31003929,resistant,resistant,no,PATRIC;microreact,tetracycline,CLSI,disk diffusion,15.0,==,mm,,resistant,Streptococcus pneumoniae,ARO_0000051,https://www.ebi.ac.uk/ols4/ontologies/aro/classes/http%253A%252F%252Fpurl.obolibrary.org%252Fobo%252FARO_0000051,Peru,Americas,Latin America and the Caribbean
SAMEA104035199,ERS1699092,GCA_901293335.1,2010.0,ISR,Homo sapiens,,female,22841_1#6,blood,blood,31.0461,34.8516,Streptococcus,Streptococcus pneumoniae,31003929,susceptible,susceptible,no,PATRIC;microreact,tetracycline,CLSI,disk diffusion,34.0,==,mm,,susceptible,Streptococcus pneumoniae,ARO_0000051,https://www.ebi.ac.uk/ols4/ontologies/aro/classes/http%253A%252F%252Fpurl.obolibrary.org%252Fobo%252FARO_0000051,Israel,Asia,Western Asia
SAMEA3714483,ERS1021632,GCA_901294285.1,1999.0,USA,Homo sapiens,,,19084_8#146,blood,blood,37.0902,-95.7129,Streptococcus,Streptococcus pneumoniae,31003929,susceptible,susceptible,no,PATRIC;microreact,tetracycline,CLSI,broth dilution,1.0,==,mg/L,,susceptible,Streptococcus pneumoniae,ARO_0000051,https://www.ebi.ac.uk/ols4/ontologies/aro/classes/http%253A%252F%252Fpurl.obolibrary.org%252Fobo%252FARO_0000051,United States of America,Americas,Northern America
SAMEA3714499,ERS1021648,GCA_901294885.1,1998.0,USA,Homo sapiens,,,19084_8#162,blood,blood,37.0902,-95.7129,Streptococcus,Streptococcus pneumoniae,31003929,susceptible,susceptible,no,PATRIC;microreact,tetracycline,CLSI,broth dilution,1.0,==,mg/L,,susceptible,Streptococcus pneumoniae,ARO_0000051,https://www.ebi.ac.uk/ols4/ontologies/aro/classes/http%253A%252F%252Fpurl.obolibrary.org%252Fobo%252FARO_0000051,United States of America,Americas,Northern America
SAMEA104035247,ERS1699140,GCA_901295655.1,2011.0,ISR,Homo sapiens,,female,22841_1#52,blood,blood,31.0461,34.8516,Streptococcus,Streptococcus pneumoniae,31003929,susceptible,susceptible,no,PATRIC;microreact,tetracycline,CLSI,disk diffusion,28.0,==,mm,,susceptible,Streptococcus pneumoniae,ARO_0000051,https://www.ebi.ac.uk/ols4/ontologies/aro/classes/http%253A%252F%252Fpurl.obolibrary.org%252Fobo%252FARO_0000051,Israel,Asia,Western Asia
SAMEA3447952,ERS745526,GCA_901296975.1,2007.0,GMB,Homo sapiens,,,19183_3#26,np swab,respiratory tract,13.4432,-15.3101,Streptococcus,Streptococcus pneumoniae,31003929,intermediate,susceptible,no,PATRIC;microreact,tetracycline,CLSI,disk diffusion,25.0,==,mm,,intermediate,Streptococcus pneumoniae,ARO_0000051,https://www.ebi.ac.uk/ols4/ontologies/aro/classes/http%253A%252F%252Fpurl.obolibrary.org%252Fobo%252FARO_0000051,Gambia,Africa,Sub-Saharan Africa
SAMEA104035279,ERS1699172,GCA_901297025.1,2011.0,ISR,Homo sapiens,,female,22841_1#84,blood,blood,31.0461,34.8516,Streptococcus,Streptococcus pneumoniae,31003929,susceptible,susceptible,no,PATRIC;microreact,tetracycline,CLSI,disk diffusion,30.0,==,mm,,susceptible,Streptococcus pneumoniae,ARO_0000051,https://www.ebi.ac.uk/ols4/ontologies/aro/classes/http%253A%252F%252Fpurl.obolibrary.org%252Fobo%252FARO_0000051,Israel,Asia,Western Asia
SAMEA104035300,ERS1699193,GCA_901298085.1,2011.0,ISR,Homo sapiens,,female,22841_1#104,blood,blood,31.0461,34.8516,Streptococcus,Streptococcus pneumoniae,31003929,resistant,resistant,no,PATRIC;microreact,tetracycline,CLSI,disk diffusion,21.0,==,mm,,resistant,Streptococcus pneumoniae,ARO_0000051,https://www.ebi.ac.uk/ols4/ontologies/aro/classes/http%253A%252F%252Fpurl.obolibrary.org%252Fobo%252FARO_0000051,Israel,Asia,Western Asia
SAMEA3448000,ERS745574,GCA_901299355.1,2007.0,GMB,Homo sapiens,,,19183_3#74,np swab,respiratory tract,13.4432,-15.3101,Streptococcus,Streptococcus pneumoniae,31003929,resistant,resistant,no,PATRIC;microreact,tetracycline,CLSI,disk diffusion,18.0,==,mm,,resistant,Streptococcus pneumoniae,ARO_0000051,https://www.ebi.ac.uk/ols4/ontologies/aro/classes/http%253A%252F%252Fpurl.obolibrary.org%252Fobo%252FARO_0000051,Gambia,Africa,Sub-Saharan Africa
SAMEA3448001,ERS745575,GCA_901299385.1,2007.0,GMB,Homo sapiens,,,19183_3#75,np swab,respiratory tract,13.4432,-15.3101,Streptococcus,Streptococcus pneumoniae,31003929,intermediate,susceptible,no,PATRIC;microreact,tetracycline,CLSI,disk diffusion,27.0,==,mm,,intermediate,Streptococcus pneumoniae,ARO_0000051,https://www.ebi.ac.uk/ols4/ontologies/aro/classes/http%253A%252F%252Fpurl.obolibrary.org%252Fobo%252FARO_0000051,Gambia,Africa,Sub-Saharan Africa
SAMEA104035528,ERS1699421,GCA_901300505.1,2012.0,ISR,Homo sapiens,,female,22841_1#142,blood,blood,31.0461,34.8516,Streptococcus,Streptococcus pneumoniae,31003929,intermediate,susceptible,no,PATRIC;microreact,tetracycline,CLSI,disk diffusion,25.0,==,mm,,intermediate,Streptococcus pneumoniae,ARO_0000051,https://www.ebi.ac.uk/ols4/ontologies/aro/classes/http%253A%252F%252Fpurl.obolibrary.org%252Fobo%252FARO_0000051,Israel,Asia,Western Asia
SAMEA104035617,ERS1699510,GCA_901303945.1,2013.0,ISR,Homo sapiens,,female,22841_2#38,blood,blood,31.0461,34.8516,Streptococcus,Streptococcus pneumoniae,31003929,susceptible,susceptible,no,PATRIC;microreact,tetracycline,CLSI,disk diffusion,30.0,==,mm,,susceptible,Streptococcus pneumoniae,ARO_0000051,https://www.ebi.ac.uk/ols4/ontologies/aro/classes/http%253A%252F%252Fpurl.obolibrary.org%252Fobo%252FARO_0000051,Israel,Asia,Western Asia
SAMEA104035624,ERS1699517,GCA_901304685.1,2014.0,ISR,Homo sapiens,,male,22841_2#45,blood,blood,31.0461,34.8516,Streptococcus,Streptococcus pneumoniae,31003929,susceptible,susceptible,no,PATRIC;microreact,tetracycline,CLSI,disk diffusion,32.0,==,mm,,susceptible,Streptococcus pneumoniae,ARO_0000051,https://www.ebi.ac.uk/ols4/ontologies/aro/classes/http%253A%252F%252Fpurl.obolibrary.org%252Fobo%252FARO_0000051,Israel,Asia,Western Asia
SAMEA104035629,ERS1699522,GCA_901305185.1,2014.0,ISR,Homo sapiens,,female,22841_2#50,blood,blood,31.0461,34.8516,Streptococcus,Streptococcus pneumoniae,31003929,susceptible,susceptible,no,PATRIC;microreact,tetracycline,CLSI,disk diffusion,30.0,==,mm,,susceptible,Streptococcus pneumoniae,ARO_0000051,https://www.ebi.ac.uk/ols4/ontologies/aro/classes/http%253A%252F%252Fpurl.obolibrary.org%252Fobo%252FARO_0000051,Israel,Asia,Western Asia
SAMEA3175686,ERS628634,GCA_901305545.1,1999.0,USA,Homo sapiens,,,15608_2#41,blood,blood,37.0902,-95.7129,Streptococcus,Streptococcus pneumoniae,31003929,susceptible,susceptible,no,PATRIC;microreact,tetracycline,CLSI,broth dilution,1.0,==,mg/L,,susceptible,Streptococcus pneumoniae,ARO_0000051,https://www.ebi.ac.uk/ols4/ontologies/aro/classes/http%253A%252F%252Fpurl.obolibrary.org%252Fobo%252FARO_0000051,United States of America,Americas,Northern America
SAMEA3233202,ERS654395,GCA_901307185.1,1999.0,GMB,Homo sapiens,,female,15873_3#17,cerebrospinal fluid,central nervous system,13.4432,-15.3101,Streptococcus,Streptococcus pneumoniae,31003929,resistant,resistant,no,PATRIC;microreact,tetracycline,CLSI,E-test,48.0,==,mg/L,,resistant,Streptococcus pneumoniae,ARO_0000051,https://www.ebi.ac.uk/ols4/ontologies/aro/classes/http%253A%252F%252Fpurl.obolibrary.org%252Fobo%252FARO_0000051,Gambia,Africa,Sub-Saharan Africa
SAMEA104035651,ERS1699544,GCA_901307605.1,2014.0,ISR,Homo sapiens,,female,22841_2#72,blood,blood,31.0461,34.8516,Streptococcus,Streptococcus pneumoniae,31003929,intermediate,susceptible,no,PATRIC;microreact,tetracycline,CLSI,disk diffusion,26.0,==,mm,,intermediate,Streptococcus pneumoniae,ARO_0000051,https://www.ebi.ac.uk/ols4/ontologies/aro/classes/http%253A%252F%252Fpurl.obolibrary.org%252Fobo%252FARO_0000051,Israel,Asia,Western Asia
SAMEA3175722,ERS628670,GCA_901308455.1,1998.0,USA,Homo sapiens,,,15608_2#77,blood,blood,37.0902,-95.7129,Streptococcus,Streptococcus pneumoniae,31003929,resistant,resistant,no,PATRIC;microreact,tetracycline,CLSI,broth dilution,8.0,==,mg/L,,resistant,Streptococcus pneumoniae,ARO_0000051,https://www.ebi.ac.uk/ols4/ontologies/aro/classes/http%253A%252F%252Fpurl.obolibrary.org%252Fobo%252FARO_0000051,United States of America,Americas,Northern America
SAMEA2658673,ERS508701,GCA_901308525.1,2010.0,ZAF,Homo sapiens,,female,14566_5#28,blood,blood,-30.5595,22.9375,Streptococcus,Streptococcus pneumoniae,31003929,intermediate,resistant,no,PATRIC;microreact,tetracycline,CLSI,broth dilution,2.0,==,mg/L,,intermediate,Streptococcus pneumoniae,ARO_0000051,https://www.ebi.ac.uk/ols4/ontologies/aro/classes/http%253A%252F%252Fpurl.obolibrary.org%252Fobo%252FARO_0000051,South Africa,Africa,Sub-Saharan Africa
SAMEA2658676,ERS508704,GCA_901308705.1,2010.0,ZAF,Homo sapiens,,female,14566_5#29,csf,central nervous system,-30.5595,22.9375,Streptococcus,Streptococcus pneumoniae,31003929,intermediate,resistant,no,PATRIC;microreact,tetracycline,CLSI,broth dilution,2.0,==,mg/L,,intermediate,Streptococcus pneumoniae,ARO_0000051,https://www.ebi.ac.uk/ols4/ontologies/aro/classes/http%253A%252F%252Fpurl.obolibrary.org%252Fobo%252FARO_0000051,South Africa,Africa,Sub-Saharan Africa
SAMEA3175726,ERS628674,GCA_901308735.1,1998.0,USA,Homo sapiens,,,15608_2#81,blood,blood,37.0902,-95.7129,Streptococcus,Streptococcus pneumoniae,31003929,susceptible,susceptible,no,PATRIC;microreact,tetracycline,CLSI,broth dilution,1.0,==,mg/L,,susceptible,Streptococcus pneumoniae,ARO_0000051,https://www.ebi.ac.uk/ols4/ontologies/aro/classes/http%253A%252F%252Fpurl.obolibrary.org%252Fobo%252FARO_0000051,United States of America,Americas,Northern America
SAMEA2658693,ERS508721,GCA_901309135.1,2010.0,ZAF,Homo sapiens,,male,14566_5#34,blood,blood,-30.5595,22.9375,Streptococcus,Streptococcus pneumoniae,31003929,intermediate,resistant,no,PATRIC;microreact,tetracycline,CLSI,broth dilution,2.0,==,mg/L,,intermediate,Streptococcus pneumoniae,ARO_0000051,https://www.ebi.ac.uk/ols4/ontologies/aro/classes/http%253A%252F%252Fpurl.obolibrary.org%252Fobo%252FARO_0000051,South Africa,Africa,Sub-Saharan Africa
SAMEA3431335,ERS740620,GCA_901311765.1,2000.0,EGY,Homo sapiens,,,18090_1#85,csf,central nervous system,26.8206,30.8025,Streptococcus,Streptococcus pneumoniae,31003929,resistant,resistant,no,PATRIC;microreact,tetracycline,CLSI,broth dilution,8.0,==,mg/L,,resistant,Streptococcus pneumoniae,ARO_0000051,https://www.ebi.ac.uk/ols4/ontologies/aro/classes/http%253A%252F%252Fpurl.obolibrary.org%252Fobo%252FARO_0000051,Egypt,Africa,Northern Africa
SAMEA3175785,ERS628733,GCA_901312365.1,2012.0,SVN,Homo sapiens,,female,15608_3#32,blood,blood,46.1512,14.9955,Streptococcus,Streptococcus pneumoniae,31003929,susceptible,susceptible,no,PATRIC;microreact,tetracycline,CLSI,E-test,0.125,==,mg/L,,susceptible,Streptococcus pneumoniae,ARO_0000051,https://www.ebi.ac.uk/ols4/ontologies/aro/classes/http%253A%252F%252Fpurl.obolibrary.org%252Fobo%252FARO_0000051,Slovenia,Europe,Southern Europe
SAMEA3175800,ERS628748,GCA_901313555.1,2012.0,SVN,Homo sapiens,,female,15608_3#47,blood,blood,46.1512,14.9955,Streptococcus,Streptococcus pneumoniae,31003929,resistant,resistant,no,PATRIC;microreact,tetracycline,CLSI,E-test,12.0,==,mg/L,,resistant,Streptococcus pneumoniae,ARO_0000051,https://www.ebi.ac.uk/ols4/ontologies/aro/classes/http%253A%252F%252Fpurl.obolibrary.org%252Fobo%252FARO_0000051,Slovenia,Europe,Southern Europe
SAMEA2658817,ERS508845,GCA_901314645.1,2010.0,ZAF,Homo sapiens,,female,14566_5#82,blood,blood,-30.5595,22.9375,Streptococcus,Streptococcus pneumoniae,31003929,intermediate,resistant,no,PATRIC;microreact,tetracycline,CLSI,broth dilution,2.0,==,mg/L,,intermediate,Streptococcus pneumoniae,ARO_0000051,https://www.ebi.ac.uk/ols4/ontologies/aro/classes/http%253A%252F%252Fpurl.obolibrary.org%252Fobo%252FARO_0000051,South Africa,Africa,Sub-Saharan Africa
SAMEA2658833,ERS508861,GCA_901315275.1,2010.0,ZAF,Homo sapiens,,male,14566_5#90,blood,blood,-30.5595,22.9375,Streptococcus,Streptococcus pneumoniae,31003929,resistant,resistant,no,PATRIC;microreact,tetracycline,CLSI,broth dilution,8.0,==,mg/L,,resistant,Streptococcus pneumoniae,ARO_0000051,https://www.ebi.ac.uk/ols4/ontologies/aro/classes/http%253A%252F%252Fpurl.obolibrary.org%252Fobo%252FARO_0000051,South Africa,Africa,Sub-Saharan Africa
SAMEA2658893,ERS508921,GCA_901315625.1,2010.0,ZAF,Homo sapiens,,female,14566_6#1,blood,blood,-30.5595,22.9375,Streptococcus,Streptococcus pneumoniae,31003929,intermediate,resistant,no,PATRIC;microreact,tetracycline,CLSI,broth dilution,2.0,==,mg/L,,intermediate,Streptococcus pneumoniae,ARO_0000051,https://www.ebi.ac.uk/ols4/ontologies/aro/classes/http%253A%252F%252Fpurl.obolibrary.org%252Fobo%252FARO_0000051,South Africa,Africa,Sub-Saharan Africa
SAMEA2658899,ERS508927,GCA_901315795.1,2011.0,ZAF,Homo sapiens,,female,14566_6#4,blood,blood,-30.5595,22.9375,Streptococcus,Streptococcus pneumoniae,31003929,intermediate,resistant,no,PATRIC;microreact,tetracycline,CLSI,broth dilution,2.0,==,mg/L,,intermediate,Streptococcus pneumoniae,ARO_0000051,https://www.ebi.ac.uk/ols4/ontologies/aro/classes/http%253A%252F%252Fpurl.obolibrary.org%252Fobo%252FARO_0000051,South Africa,Africa,Sub-Saharan Africa
SAMEA2658961,ERS508989,GCA_901317715.1,2011.0,ZAF,Homo sapiens,,male,14566_6#31,csf & blood,,-30.5595,22.9375,Streptococcus,Streptococcus pneumoniae,31003929,intermediate,resistant,no,PATRIC;microreact,tetracycline,CLSI,broth dilution,2.0,==,mg/L,,intermediate,Streptococcus pneumoniae,ARO_0000051,https://www.ebi.ac.uk/ols4/ontologies/aro/classes/http%253A%252F%252Fpurl.obolibrary.org%252Fobo%252FARO_0000051,South Africa,Africa,Sub-Saharan Africa
SAMEA2658988,ERS509016,GCA_901318785.1,2011.0,ZAF,Homo sapiens,,male,14566_6#45,csf,central nervous system,-30.5595,22.9375,Streptococcus,Streptococcus pneumoniae,31003929,intermediate,resistant,no,PATRIC;microreact,tetracycline,CLSI,broth dilution,2.0,==,mg/L,,intermediate,Streptococcus pneumoniae,ARO_0000051,https://www.ebi.ac.uk/ols4/ontologies/aro/classes/http%253A%252F%252Fpurl.obolibrary.org%252Fobo%252FARO_0000051,South Africa,Africa,Sub-Saharan Africa
SAMEA2658990,ERS509018,GCA_901318835.1,2011.0,ZAF,Homo sapiens,,female,14566_6#46,pleural fluid,internal organs and fluids,-30.5595,22.9375,Streptococcus,Streptococcus pneumoniae,31003929,intermediate,resistant,no,PATRIC;microreact,tetracycline,CLSI,broth dilution,2.0,==,mg/L,,intermediate,Streptococcus pneumoniae,ARO_0000051,https://www.ebi.ac.uk/ols4/ontologies/aro/classes/http%253A%252F%252Fpurl.obolibrary.org%252Fobo%252FARO_0000051,South Africa,Africa,Sub-Saharan Africa
SAMEA2659019,ERS509047,GCA_901319625.1,2011.0,ZAF,Homo sapiens,,female,14566_6#61,blood,blood,-30.5595,22.9375,Streptococcus,Streptococcus pneumoniae,31003929,intermediate,resistant,no,PATRIC;microreact,tetracycline,CLSI,broth dilution,2.0,==,mg/L,,intermediate,Streptococcus pneumoniae,ARO_0000051,https://www.ebi.ac.uk/ols4/ontologies/aro/classes/http%253A%252F%252Fpurl.obolibrary.org%252Fobo%252FARO_0000051,South Africa,Africa,Sub-Saharan Africa
SAMEA2659068,ERS509096,GCA_901320575.1,2011.0,ZAF,Homo sapiens,,female,14566_6#85,blood,blood,-30.5595,22.9375,Streptococcus,Streptococcus pneumoniae,31003929,resistant,resistant,no,PATRIC;microreact,tetracycline,CLSI,broth dilution,8.0,==,mg/L,,resistant,Streptococcus pneumoniae,ARO_0000051,https://www.ebi.ac.uk/ols4/ontologies/aro/classes/http%253A%252F%252Fpurl.obolibrary.org%252Fobo%252FARO_0000051,South Africa,Africa,Sub-Saharan Africa
SAMEA2659082,ERS509110,GCA_901321005.1,2011.0,ZAF,Homo sapiens,,male,14566_6#92,csf,central nervous system,-30.5595,22.9375,Streptococcus,Streptococcus pneumoniae,31003929,intermediate,resistant,no,PATRIC;microreact,tetracycline,CLSI,broth dilution,2.0,==,mg/L,,intermediate,Streptococcus pneumoniae,ARO_0000051,https://www.ebi.ac.uk/ols4/ontologies/aro/classes/http%253A%252F%252Fpurl.obolibrary.org%252Fobo%252FARO_0000051,South Africa,Africa,Sub-Saharan Africa
SAMEA2796444,ERS558055,GCA_901321965.1,2001.0,USA,Homo sapiens,,,14673_1#36,blood,blood,37.0902,-95.7129,Streptococcus,Streptococcus pneumoniae,31003929,resistant,resistant,no,PATRIC;microreact,tetracycline,CLSI,broth dilution,8.0,==,mg/L,,resistant,Streptococcus pneumoniae,ARO_0000051,https://www.ebi.ac.uk/ols4/ontologies/aro/classes/http%253A%252F%252Fpurl.obolibrary.org%252Fobo%252FARO_0000051,United States of America,Americas,Northern America
SAMEA2796460,ERS558071,GCA_901322415.1,2006.0,USA,Homo sapiens,,,14673_1#52,blood,blood,37.0902,-95.7129,Streptococcus,Streptococcus pneumoniae,31003929,resistant,resistant,no,PATRIC;microreact,tetracycline,CLSI,broth dilution,8.0,==,mg/L,,resistant,Streptococcus pneumoniae,ARO_0000051,https://www.ebi.ac.uk/ols4/ontologies/aro/classes/http%253A%252F%252Fpurl.obolibrary.org%252Fobo%252FARO_0000051,United States of America,Americas,Northern America
SAMEA2797394,ERS559005,GCA_901327575.1,2010.0,MOZ,Homo sapiens,,female,14723_4#93,blood,blood,-18.6657,35.5296,Streptococcus,Streptococcus pneumoniae,31003929,resistant,resistant,no,PATRIC;microreact,tetracycline,CLSI,broth dilution,8.0,==,mg/L,,resistant,Streptococcus pneumoniae,ARO_0000051,https://www.ebi.ac.uk/ols4/ontologies/aro/classes/http%253A%252F%252Fpurl.obolibrary.org%252Fobo%252FARO_0000051,Mozambique,Africa,Sub-Saharan Africa
SAMEA3714418,ERS1021567,GCA_901329575.1,2008.0,PER,Homo sapiens,,female,19084_8#81,np swab,respiratory tract,-9.18997,-75.0152,Streptococcus,Streptococcus pneumoniae,31003929,resistant,resistant,no,PATRIC;microreact,tetracycline,CLSI,disk diffusion,15.0,==,mm,,resistant,Streptococcus pneumoniae,ARO_0000051,https://www.ebi.ac.uk/ols4/ontologies/aro/classes/http%253A%252F%252Fpurl.obolibrary.org%252Fobo%252FARO_0000051,Peru,Americas,Latin America and the Caribbean
SAMEA3714419,ERS1021568,GCA_901329635.1,2008.0,PER,Homo sapiens,,male,19084_8#82,np swab,respiratory tract,-9.18997,-75.0152,Streptococcus,Streptococcus pneumoniae,31003929,intermediate,susceptible,no,PATRIC;microreact,tetracycline,CLSI,disk diffusion,27.0,==,mm,,intermediate,Streptococcus pneumoniae,ARO_0000051,https://www.ebi.ac.uk/ols4/ontologies/aro/classes/http%253A%252F%252Fpurl.obolibrary.org%252Fobo%252FARO_0000051,Peru,Americas,Latin America and the Caribbean
SAMEA3714424,ERS1021573,GCA_901330115.1,2008.0,PER,Homo sapiens,,female,19084_8#87,np swab,respiratory tract,-9.18997,-75.0152,Streptococcus,Streptococcus pneumoniae,31003929,susceptible,susceptible,no,PATRIC;microreact,tetracycline,CLSI,disk diffusion,28.0,==,mm,,susceptible,Streptococcus pneumoniae,ARO_0000051,https://www.ebi.ac.uk/ols4/ontologies/aro/classes/http%253A%252F%252Fpurl.obolibrary.org%252Fobo%252FARO_0000051,Peru,Americas,Latin America and the Caribbean
SAMEA3714426,ERS1021575,GCA_901330165.1,2008.0,PER,Homo sapiens,,female,19084_8#89,np swab,respiratory tract,-9.18997,-75.0152,Streptococcus,Streptococcus pneumoniae,31003929,resistant,resistant,no,PATRIC;microreact,tetracycline,CLSI,disk diffusion,12.0,==,mm,,resistant,Streptococcus pneumoniae,ARO_0000051,https://www.ebi.ac.uk/ols4/ontologies/aro/classes/http%253A%252F%252Fpurl.obolibrary.org%252Fobo%252FARO_0000051,Peru,Americas,Latin America and the Caribbean
SAMEA104035193,ERS1699086,GCA_901330235.1,2010.0,ISR,Homo sapiens,,male,22667_7#190,blood,blood,31.0461,34.8516,Streptococcus,Streptococcus pneumoniae,31003929,susceptible,susceptible,no,PATRIC;microreact,tetracycline,CLSI,disk diffusion,30.0,==,mm,,susceptible,Streptococcus pneumoniae,ARO_0000051,https://www.ebi.ac.uk/ols4/ontologies/aro/classes/http%253A%252F%252Fpurl.obolibrary.org%252Fobo%252FARO_0000051,Israel,Asia,Western Asia
SAMEA104035405,ERS1699298,GCA_901330565.1,2011.0,ISR,Homo sapiens,,male,22841_4#99,blood,blood,31.0461,34.8516,Streptococcus,Streptococcus pneumoniae,31003929,susceptible,susceptible,no,PATRIC;microreact,tetracycline,CLSI,disk diffusion,29.0,==,mm,,susceptible,Streptococcus pneumoniae,ARO_0000051,https://www.ebi.ac.uk/ols4/ontologies/aro/classes/http%253A%252F%252Fpurl.obolibrary.org%252Fobo%252FARO_0000051,Israel,Asia,Western Asia
SAMEA2797236,ERS558847,GCA_901331085.1,2010.0,MOZ,Homo sapiens,,female,14723_3#68,blood,blood,-18.6657,35.5296,Streptococcus,Streptococcus pneumoniae,31003929,resistant,resistant,no,PATRIC;microreact,tetracycline,CLSI,broth dilution,8.0,==,mg/L,,resistant,Streptococcus pneumoniae,ARO_0000051,https://www.ebi.ac.uk/ols4/ontologies/aro/classes/http%253A%252F%252Fpurl.obolibrary.org%252Fobo%252FARO_0000051,Mozambique,Africa,Sub-Saharan Africa
SAMEA104035419,ERS1699312,GCA_901331645.1,2012.0,ISR,Homo sapiens,,male,22841_4#113,blood,blood,31.0461,34.8516,Streptococcus,Streptococcus pneumoniae,31003929,intermediate,susceptible,no,PATRIC;microreact,tetracycline,CLSI,disk diffusion,27.0,==,mm,,intermediate,Streptococcus pneumoniae,ARO_0000051,https://www.ebi.ac.uk/ols4/ontologies/aro/classes/http%253A%252F%252Fpurl.obolibrary.org%252Fobo%252FARO_0000051,Israel,Asia,Western Asia
SAMEA104035421,ERS1699314,GCA_901331845.1,2012.0,ISR,Homo sapiens,,female,22841_4#115,blood,blood,31.0461,34.8516,Streptococcus,Streptococcus pneumoniae,31003929,resistant,resistant,no,PATRIC;microreact,tetracycline,CLSI,disk diffusion,22.0,==,mm,,resistant,Streptococcus pneumoniae,ARO_0000051,https://www.ebi.ac.uk/ols4/ontologies/aro/classes/http%253A%252F%252Fpurl.obolibrary.org%252Fobo%252FARO_0000051,Israel,Asia,Western Asia
SAMEA104035551,ERS1699444,GCA_901332765.1,2013.0,ISR,Homo sapiens,,female,22841_1#165,blood,blood,31.0461,34.8516,Streptococcus,Streptococcus pneumoniae,31003929,susceptible,susceptible,no,PATRIC;microreact,tetracycline,CLSI,disk diffusion,32.0,==,mm,,susceptible,Streptococcus pneumoniae,ARO_0000051,https://www.ebi.ac.uk/ols4/ontologies/aro/classes/http%253A%252F%252Fpurl.obolibrary.org%252Fobo%252FARO_0000051,Israel,Asia,Western Asia
SAMEA104035559,ERS1699452,GCA_901333445.1,2012.0,ISR,Homo sapiens,,female,22841_1#173,blood,blood,31.0461,34.8516,Streptococcus,Streptococcus pneumoniae,31003929,susceptible,susceptible,no,PATRIC;microreact,tetracycline,CLSI,disk diffusion,30.0,==,mm,,susceptible,Streptococcus pneumoniae,ARO_0000051,https://www.ebi.ac.uk/ols4/ontologies/aro/classes/http%253A%252F%252Fpurl.obolibrary.org%252Fobo%252FARO_0000051,Israel,Asia,Western Asia
SAMEA2814160,ERS566528,GCA_901335065.1,2012.0,ZAF,Homo sapiens,,male,14913_4#62,blood,blood,-30.5595,22.9375,Streptococcus,Streptococcus pneumoniae,31003929,resistant,resistant,no,PATRIC;microreact,tetracycline,CLSI,broth dilution,8.0,==,mg/L,,resistant,Streptococcus pneumoniae,ARO_0000051,https://www.ebi.ac.uk/ols4/ontologies/aro/classes/http%253A%252F%252Fpurl.obolibrary.org%252Fobo%252FARO_0000051,South Africa,Africa,Sub-Saharan Africa
SAMEA104035465,ERS1699358,GCA_901335555.1,2012.0,ISR,Homo sapiens,,female,22841_4#159,blood,blood,31.0461,34.8516,Streptococcus,Streptococcus pneumoniae,31003929,intermediate,susceptible,no,PATRIC;microreact,tetracycline,CLSI,disk diffusion,25.0,==,mm,,intermediate,Streptococcus pneumoniae,ARO_0000051,https://www.ebi.ac.uk/ols4/ontologies/aro/classes/http%253A%252F%252Fpurl.obolibrary.org%252Fobo%252FARO_0000051,Israel,Asia,Western Asia
SAMEA2814198,ERS566566,GCA_901336885.1,2012.0,ZAF,Homo sapiens,,female,14913_4#83,csf,central nervous system,-30.5595,22.9375,Streptococcus,Streptococcus pneumoniae,31003929,intermediate,resistant,no,PATRIC;microreact,tetracycline,CLSI,broth dilution,2.0,==,mg/L,,intermediate,Streptococcus pneumoniae,ARO_0000051,https://www.ebi.ac.uk/ols4/ontologies/aro/classes/http%253A%252F%252Fpurl.obolibrary.org%252Fobo%252FARO_0000051,South Africa,Africa,Sub-Saharan Africa
SAMEA2814204,ERS566572,GCA_901337265.1,2012.0,ZAF,Homo sapiens,,female,14913_4#89,blood,blood,-30.5595,22.9375,Streptococcus,Streptococcus pneumoniae,31003929,intermediate,resistant,no,PATRIC;microreact,tetracycline,CLSI,broth dilution,2.0,==,mg/L,,intermediate,Streptococcus pneumoniae,ARO_0000051,https://www.ebi.ac.uk/ols4/ontologies/aro/classes/http%253A%252F%252Fpurl.obolibrary.org%252Fobo%252FARO_0000051,South Africa,Africa,Sub-Saharan Africa
SAMEA2797341,ERS558952,GCA_901337495.1,2010.0,MOZ,Homo sapiens,,female,14723_4#40,blood,blood,-18.6657,35.5296,Streptococcus,Streptococcus pneumoniae,31003929,resistant,resistant,no,PATRIC;microreact,tetracycline,CLSI,broth dilution,8.0,==,mg/L,,resistant,Streptococcus pneumoniae,ARO_0000051,https://www.ebi.ac.uk/ols4/ontologies/aro/classes/http%253A%252F%252Fpurl.obolibrary.org%252Fobo%252FARO_0000051,Mozambique,Africa,Sub-Saharan Africa
SAMEA3714303,ERS1021452,GCA_901337675.1,2008.0,PER,Homo sapiens,,female,19084_7#150,np swab,respiratory tract,-9.18997,-75.0152,Streptococcus,Streptococcus pneumoniae,31003929,resistant,resistant,no,PATRIC;microreact,tetracycline,CLSI,disk diffusion,16.0,==,mm,,resistant,Streptococcus pneumoniae,ARO_0000051,https://www.ebi.ac.uk/ols4/ontologies/aro/classes/http%253A%252F%252Fpurl.obolibrary.org%252Fobo%252FARO_0000051,Peru,Americas,Latin America and the Caribbean
SAMEA2797350,ERS558961,GCA_901337985.1,2010.0,MOZ,Homo sapiens,,male,14723_4#49,blood,blood,-18.6657,35.5296,Streptococcus,Streptococcus pneumoniae,31003929,resistant,resistant,no,PATRIC;microreact,tetracycline,CLSI,broth dilution,8.0,==,mg/L,,resistant,Streptococcus pneumoniae,ARO_0000051,https://www.ebi.ac.uk/ols4/ontologies/aro/classes/http%253A%252F%252Fpurl.obolibrary.org%252Fobo%252FARO_0000051,Mozambique,Africa,Sub-Saharan Africa
SAMEA2814493,ERS566861,GCA_901339215.1,2013.0,ZAF,Homo sapiens,,male,14913_5#93,blood,blood,-30.5595,22.9375,Streptococcus,Streptococcus pneumoniae,31003929,susceptible,susceptible,no,PATRIC;microreact,tetracycline,CLSI,broth dilution,1.0,==,mg/L,,susceptible,Streptococcus pneumoniae,ARO_0000051,https://www.ebi.ac.uk/ols4/ontologies/aro/classes/http%253A%252F%252Fpurl.obolibrary.org%252Fobo%252FARO_0000051,South Africa,Africa,Sub-Saharan Africa
SAMEA2814573,ERS566941,GCA_901339505.1,2007.0,ZAF,Homo sapiens,,male,14913_6#78,blood,blood,-30.5595,22.9375,Streptococcus,Streptococcus pneumoniae,31003929,resistant,resistant,no,PATRIC;microreact,tetracycline,CLSI,E-test,4.0,==,mg/L,,resistant,Streptococcus pneumoniae,ARO_0000051,https://www.ebi.ac.uk/ols4/ontologies/aro/classes/http%253A%252F%252Fpurl.obolibrary.org%252Fobo%252FARO_0000051,South Africa,Africa,Sub-Saharan Africa
SAMEA2814221,ERS566589,GCA_901339805.1,2012.0,ZAF,Homo sapiens,,female,14913_7#11,csf & blood,,-30.5595,22.9375,Streptococcus,Streptococcus pneumoniae,31003929,resistant,resistant,no,PATRIC;microreact,tetracycline,CLSI,broth dilution,8.0,==,mg/L,,resistant,Streptococcus pneumoniae,ARO_0000051,https://www.ebi.ac.uk/ols4/ontologies/aro/classes/http%253A%252F%252Fpurl.obolibrary.org%252Fobo%252FARO_0000051,South Africa,Africa,Sub-Saharan Africa
SAMEA104035469,ERS1699362,GCA_901341445.1,2012.0,ISR,Homo sapiens,,female,22841_4#163,blood,blood,31.0461,34.8516,Streptococcus,Streptococcus pneumoniae,31003929,susceptible,susceptible,no,PATRIC;microreact,tetracycline,CLSI,disk diffusion,30.0,==,mm,,susceptible,Streptococcus pneumoniae,ARO_0000051,https://www.ebi.ac.uk/ols4/ontologies/aro/classes/http%253A%252F%252Fpurl.obolibrary.org%252Fobo%252FARO_0000051,Israel,Asia,Western Asia
